state,contract_type,collection_quarter,collection_number,review_quarter_date,estimate,model_estimate,estimate_type,ci_lower_95,ci_upper_95,final_count,pct_of_final_count,final_count_in_pi,raw_collected_count,model_pct_of_final_count,collection_year,collection_quarter_number,collection_quarter_label,abs_pct_error,within_5pct_of_final,pct_of_final_count_outlier_flag,anzsco_join_note
Australia,Cancellations/Withdrawals,2023.3,116,2023-03-01,32817.2,32530.0,Initial,30846,34788,32748,100.2,Y,26500,99.3,2023,3,2023-Q3,0.21,True,False,Aggregate contract counts by state/contract_type. No ANZSCO occupation code available at this level.
Australia,Cancellations/Withdrawals,2023.3,117,2023-03-01,33060.0,0.0,1st Revision,32356,33764,32748,101.0,Y,29796,0.0,2023,3,2023-Q3,0.95,True,False,Aggregate contract counts by state/contract_type. No ANZSCO occupation code available at this level.
Australia,Cancellations/Withdrawals,2023.4,117,2023-06-01,31312.0,0.0,Initial,29594,33030,30115,104.0,Y,25200,0.0,2023,4,2023-Q4,3.97,True,False,Aggregate contract counts by state/contract_type. No ANZSCO occupation code available at this level.
Australia,Cancellations/Withdrawals,2023.4,118,2023-06-01,30607.0,0.0,1st Revision,30076,31138,30115,101.6,Y,27442,0.0,2023,4,2023-Q4,1.63,True,False,Aggregate contract counts by state/contract_type. No ANZSCO occupation code available at this level.
Australia,Cancellations/Withdrawals,2024.1,118,2023-09-01,30673.0,0.0,Initial,29355,31991,29164,105.2,N,24519,0.0,2024,1,2024-Q1,5.17,False,False,Aggregate contract counts by state/contract_type. No ANZSCO occupation code available at this level.
Australia,Cancellations/Withdrawals,2024.1,119,2023-09-01,29970.0,0.0,1st Revision,29441,30499,29164,102.8,N,26818,0.0,2024,1,2024-Q1,2.76,True,False,Aggregate contract counts by state/contract_type. No ANZSCO occupation code available at this level.
Australia,Cancellations/Withdrawals,2024.2,119,2023-12-01,27693.0,0.0,Initial,26510,28876,26691,103.8,Y,22090,0.0,2024,2,2024-Q2,3.75,True,False,Aggregate contract counts by state/contract_type. No ANZSCO occupation code available at this level.
Australia,Cancellations/Withdrawals,2024.2,120,2023-12-01,27599.0,0.0,1st Revision,27021,28177,26691,103.4,Y,24642,0.0,2024,2,2024-Q2,3.4,True,False,Aggregate contract counts by state/contract_type. No ANZSCO occupation code available at this level.
Australia,Commencements,2024.3,120,2024-03-01,59685.0,60508.0,Initial,53106,66264,55845,106.9,Y,54047,108.3,2024,3,2024-Q3,6.88,False,False,Aggregate contract counts by state/contract_type. No ANZSCO occupation code available at this level.
Australia,Commencements,2024.3,121,2024-03-01,56715.0,0.0,1st Revision,55472,57958,55845,101.6,Y,55586,0.0,2024,3,2024-Q3,1.56,True,False,Aggregate contract counts by state/contract_type. No ANZSCO occupation code available at this level.
Australia,Commencements,2024.4,121,2024-06-01,42688.0,43205.0,Initial,38528,46848,40868,104.5,Y,38988,105.7,2024,4,2024-Q4,4.45,True,False,Aggregate contract counts by state/contract_type. No ANZSCO occupation code available at this level.
Australia,Commencements,2024.4,122,2024-06-01,41410.0,0.0,1st Revision,40611,42209,40868,101.3,Y,40699,0.0,2024,4,2024-Q4,1.33,True,False,Aggregate contract counts by state/contract_type. No ANZSCO occupation code available at this level.
Australia,Commencements,2025.1,122,2024-09-01,28107.0,28454.0,Initial,25220,30994,26748,105.1,Y,25656,106.4,2025,1,2025-Q1,5.08,False,False,Aggregate contract counts by state/contract_type. No ANZSCO occupation code available at this level.
Australia,Commencements,2025.1,123,2024-09-01,26984.0,0.0,1st Revision,26404,27564,26748,100.9,Y,26534,0.0,2025,1,2025-Q1,0.88,True,False,Aggregate contract counts by state/contract_type. No ANZSCO occupation code available at this level.
Australia,Commencements,2025.2,123,2024-12-01,27810.0,28188.0,Initial,24703,30917,26644,104.4,Y,25504,105.8,2025,2,2025-Q2,4.38,True,False,Aggregate contract counts by state/contract_type. No ANZSCO occupation code available at this level.
Australia,Commencements,2025.2,124,2024-12-01,26814.0,26870.0,1st Revision,26277,27351,26644,100.6,Y,26516,100.8,2025,2,2025-Q2,0.64,True,False,Aggregate contract counts by state/contract_type. No ANZSCO occupation code available at this level.
Australia,Completions,2024.3,120,2024-03-01,25581.0,0.0,Initial,25041,26121,24827,103.0,N,23850,0.0,2024,3,2024-Q3,3.04,True,False,Aggregate contract counts by state/contract_type. No ANZSCO occupation code available at this level.
Australia,Completions,2024.3,121,2024-03-01,25311.0,0.0,1st Revision,25026,25596,24827,101.9,N,24500,0.0,2024,3,2024-Q3,1.95,True,False,Aggregate contract counts by state/contract_type. No ANZSCO occupation code available at this level.
Australia,Completions,2024.4,121,2024-06-01,22275.0,0.0,Initial,21858,22692,21614,103.1,N,20805,0.0,2024,4,2024-Q4,3.06,True,False,Aggregate contract counts by state/contract_type. No ANZSCO occupation code available at this level.
Australia,Completions,2024.4,122,2024-06-01,21987.0,0.0,1st Revision,21767,22207,21614,101.7,N,21320,0.0,2024,4,2024-Q4,1.73,True,False,Aggregate contract counts by state/contract_type. No ANZSCO occupation code available at this level.
Australia,Completions,2025.1,122,2024-09-01,22593.0,0.0,Initial,22134,23052,22001,102.7,N,21146,0.0,2025,1,2025-Q1,2.69,True,False,Aggregate contract counts by state/contract_type. No ANZSCO occupation code available at this level.
Australia,Completions,2025.1,123,2024-09-01,22340.0,0.0,1st Revision,22147,22533,22001,101.5,N,21708,0.0,2025,1,2025-Q1,1.54,True,False,Aggregate contract counts by state/contract_type. No ANZSCO occupation code available at this level.
Australia,Completions,2025.2,123,2024-12-01,29639.0,0.0,Initial,29064,30214,28914,102.5,N,27788,0.0,2025,2,2025-Q2,2.51,True,False,Aggregate contract counts by state/contract_type. No ANZSCO occupation code available at this level.
Australia,Completions,2025.2,124,2024-12-01,29386.0,0.0,1st Revision,29096,29676,28914,101.6,N,28586,0.0,2025,2,2025-Q2,1.63,True,False,Aggregate contract counts by state/contract_type. No ANZSCO occupation code available at this level.
Australia,In-Training,2023.3,116,2023-03-01,387489.1,387966.0,Initial,382157,392821,383849,100.9,Y,393743,101.1,2023,3,2023-Q3,0.95,True,False,Aggregate contract counts by state/contract_type. No ANZSCO occupation code available at this level.
Australia,In-Training,2023.3,117,2023-03-01,388104.0,0.0,1st Revision,386213,389995,383849,101.1,Y,392359,0.0,2023,3,2023-Q3,1.11,True,False,Aggregate contract counts by state/contract_type. No ANZSCO occupation code available at this level.
Australia,In-Training,2023.4,117,2023-06-01,377706.0,378075.0,Initial,372791,382621,372741,101.3,N,384018,101.4,2023,4,2023-Q4,1.33,True,False,Aggregate contract counts by state/contract_type. No ANZSCO occupation code available at this level.
Australia,In-Training,2023.4,118,2023-06-01,377714.0,0.0,1st Revision,376277,379151,372741,101.3,N,381388,0.0,2023,4,2023-Q4,1.33,True,False,Aggregate contract counts by state/contract_type. No ANZSCO occupation code available at this level.
Australia,In-Training,2024.1,118,2023-09-01,365408.0,365845.0,Initial,361215,369601,359681,101.6,N,371473,101.7,2024,1,2024-Q1,1.59,True,False,Aggregate contract counts by state/contract_type. No ANZSCO occupation code available at this level.
Australia,In-Training,2024.1,119,2023-09-01,364489.0,0.0,1st Revision,363149,365829,359681,101.3,N,367536,0.0,2024,1,2024-Q1,1.34,True,False,Aggregate contract counts by state/contract_type. No ANZSCO occupation code available at this level.
Australia,In-Training,2024.2,119,2023-12-01,343627.0,344081.0,Initial,339505,347749,337698,101.8,N,348928,101.9,2024,2,2024-Q2,1.76,True,False,Aggregate contract counts by state/contract_type. No ANZSCO occupation code available at this level.
Australia,In-Training,2024.2,120,2023-12-01,342007.0,0.0,1st Revision,340605,343409,337698,101.3,N,344664,0.0,2024,2,2024-Q2,1.28,True,False,Aggregate contract counts by state/contract_type. No ANZSCO occupation code available at this level.
Australian Capital Territory,Cancellations/Withdrawals,2023.3,116,2023-03-01,607.0,0.0,Initial,603,611,606,100.2,Y,607,0.0,2023,3,2023-Q3,0.17,True,False,Aggregate contract counts by state/contract_type. No ANZSCO occupation code available at this level.
Australian Capital Territory,Cancellations/Withdrawals,2023.3,117,2023-03-01,606.0,0.0,1st Revision,602,610,606,100.0,Y,606,0.0,2023,3,2023-Q3,0.0,True,False,Aggregate contract counts by state/contract_type. No ANZSCO occupation code available at this level.
Australian Capital Territory,Cancellations/Withdrawals,2023.4,117,2023-06-01,610.0,0.0,Initial,606,614,610,100.0,Y,610,0.0,2023,4,2023-Q4,0.0,True,False,Aggregate contract counts by state/contract_type. No ANZSCO occupation code available at this level.
Australian Capital Territory,Cancellations/Withdrawals,2023.4,118,2023-06-01,610.0,0.0,1st Revision,606,614,610,100.0,Y,610,0.0,2023,4,2023-Q4,0.0,True,False,Aggregate contract counts by state/contract_type. No ANZSCO occupation code available at this level.
Australian Capital Territory,Cancellations/Withdrawals,2024.1,118,2023-09-01,635.0,0.0,Initial,631,639,635,100.0,Y,635,0.0,2024,1,2024-Q1,0.0,True,False,Aggregate contract counts by state/contract_type. No ANZSCO occupation code available at this level.
Australian Capital Territory,Cancellations/Withdrawals,2024.1,119,2023-09-01,635.0,0.0,1st Revision,631,639,635,100.0,Y,635,0.0,2024,1,2024-Q1,0.0,True,False,Aggregate contract counts by state/contract_type. No ANZSCO occupation code available at this level.
Australian Capital Territory,Cancellations/Withdrawals,2024.2,119,2023-12-01,552.0,0.0,Initial,549,555,551,100.2,Y,552,0.0,2024,2,2024-Q2,0.18,True,False,Aggregate contract counts by state/contract_type. No ANZSCO occupation code available at this level.
Australian Capital Territory,Cancellations/Withdrawals,2024.2,120,2023-12-01,552.0,0.0,1st Revision,549,555,551,100.2,Y,552,0.0,2024,2,2024-Q2,0.18,True,False,Aggregate contract counts by state/contract_type. No ANZSCO occupation code available at this level.
Australian Capital Territory,Commencements,2024.3,120,2024-03-01,963.0,0.0,Initial,934,992,939,102.6,Y,938,0.0,2024,3,2024-Q3,2.56,True,False,Aggregate contract counts by state/contract_type. No ANZSCO occupation code available at this level.
Australian Capital Territory,Commencements,2024.3,121,2024-03-01,944.0,0.0,1st Revision,936,952,939,100.5,Y,939,0.0,2024,3,2024-Q3,0.53,True,False,Aggregate contract counts by state/contract_type. No ANZSCO occupation code available at this level.
Australian Capital Territory,Commencements,2024.4,121,2024-06-01,654.0,0.0,Initial,634,674,641,102.0,Y,640,0.0,2024,4,2024-Q4,2.03,True,False,Aggregate contract counts by state/contract_type. No ANZSCO occupation code available at this level.
Australian Capital Territory,Commencements,2024.4,122,2024-06-01,644.0,0.0,1st Revision,638,650,641,100.5,Y,641,0.0,2024,4,2024-Q4,0.47,True,False,Aggregate contract counts by state/contract_type. No ANZSCO occupation code available at this level.
Australian Capital Territory,Commencements,2025.1,122,2024-09-01,629.0,0.0,Initial,609,649,619,101.6,Y,618,0.0,2025,1,2025-Q1,1.62,True,False,Aggregate contract counts by state/contract_type. No ANZSCO occupation code available at this level.
Australian Capital Territory,Commencements,2025.1,123,2024-09-01,621.0,0.0,1st Revision,615,627,619,100.3,Y,619,0.0,2025,1,2025-Q1,0.32,True,False,Aggregate contract counts by state/contract_type. No ANZSCO occupation code available at this level.
Australian Capital Territory,Commencements,2025.2,123,2024-12-01,586.0,0.0,Initial,567,605,578,101.4,Y,577,0.0,2025,2,2025-Q2,1.38,True,False,Aggregate contract counts by state/contract_type. No ANZSCO occupation code available at this level.
Australian Capital Territory,Commencements,2025.2,124,2024-12-01,579.0,0.0,1st Revision,574,584,578,100.2,Y,578,0.0,2025,2,2025-Q2,0.17,True,False,Aggregate contract counts by state/contract_type. No ANZSCO occupation code available at this level.
Australian Capital Territory,Completions,2024.3,120,2024-03-01,247.0,0.0,Initial,239,255,247,100.0,Y,232,0.0,2024,3,2024-Q3,0.0,True,False,Aggregate contract counts by state/contract_type. No ANZSCO occupation code available at this level.
Australian Capital Territory,Completions,2024.3,121,2024-03-01,253.0,0.0,1st Revision,245,261,247,102.4,Y,243,0.0,2024,3,2024-Q3,2.43,True,False,Aggregate contract counts by state/contract_type. No ANZSCO occupation code available at this level.
Australian Capital Territory,Completions,2024.4,121,2024-06-01,331.0,0.0,Initial,321,341,328,100.9,Y,310,0.0,2024,4,2024-Q4,0.91,True,False,Aggregate contract counts by state/contract_type. No ANZSCO occupation code available at this level.
Australian Capital Territory,Completions,2024.4,122,2024-06-01,332.0,0.0,1st Revision,321,343,328,101.2,Y,318,0.0,2024,4,2024-Q4,1.22,True,False,Aggregate contract counts by state/contract_type. No ANZSCO occupation code available at this level.
Australian Capital Territory,Completions,2025.1,122,2024-09-01,356.0,0.0,Initial,343,369,352,101.1,Y,333,0.0,2025,1,2025-Q1,1.14,True,False,Aggregate contract counts by state/contract_type. No ANZSCO occupation code available at this level.
Australian Capital Territory,Completions,2025.1,123,2024-09-01,361.0,0.0,1st Revision,345,377,352,102.6,Y,346,0.0,2025,1,2025-Q1,2.56,True,False,Aggregate contract counts by state/contract_type. No ANZSCO occupation code available at this level.
Australian Capital Territory,Completions,2025.2,123,2024-12-01,447.0,0.0,Initial,426,468,447,100.0,Y,416,0.0,2025,2,2025-Q2,0.0,True,False,Aggregate contract counts by state/contract_type. No ANZSCO occupation code available at this level.
Australian Capital Territory,Completions,2025.2,124,2024-12-01,451.0,0.0,1st Revision,431,471,447,100.9,Y,432,0.0,2025,2,2025-Q2,0.89,True,False,Aggregate contract counts by state/contract_type. No ANZSCO occupation code available at this level.
Australian Capital Territory,In-Training,2023.3,116,2023-03-01,6034.0,0.0,Initial,5920,6148,6524,92.5,N,6541,0.0,2023,3,2023-Q3,7.51,False,False,Aggregate contract counts by state/contract_type. No ANZSCO occupation code available at this level.
Australian Capital Territory,In-Training,2023.3,117,2023-03-01,6059.0,0.0,1st Revision,5982,6136,6524,92.9,N,6538,0.0,2023,3,2023-Q3,7.13,False,False,Aggregate contract counts by state/contract_type. No ANZSCO occupation code available at this level.
Australian Capital Territory,In-Training,2023.4,117,2023-06-01,5662.0,0.0,Initial,5561,5763,6142,92.2,N,6186,0.0,2023,4,2023-Q4,7.82,False,False,Aggregate contract counts by state/contract_type. No ANZSCO occupation code available at this level.
Australian Capital Territory,In-Training,2023.4,118,2023-06-01,5701.0,0.0,1st Revision,5636,5766,6142,92.8,N,6172,0.0,2023,4,2023-Q4,7.18,False,False,Aggregate contract counts by state/contract_type. No ANZSCO occupation code available at this level.
Australian Capital Territory,In-Training,2024.1,118,2023-09-01,5392.0,0.0,Initial,5296,5488,5876,91.8,N,5922,0.0,2024,1,2024-Q1,8.24,False,False,Aggregate contract counts by state/contract_type. No ANZSCO occupation code available at this level.
Australian Capital Territory,In-Training,2024.1,119,2023-09-01,5439.0,0.0,1st Revision,5373,5505,5876,92.6,N,5913,0.0,2024,1,2024-Q1,7.44,False,False,Aggregate contract counts by state/contract_type. No ANZSCO occupation code available at this level.
Australian Capital Territory,In-Training,2024.2,119,2023-12-01,5031.0,0.0,Initial,4955,5107,5517,91.2,N,5590,0.0,2024,2,2024-Q2,8.81,False,False,Aggregate contract counts by state/contract_type. No ANZSCO occupation code available at this level.
Australian Capital Territory,In-Training,2024.2,120,2023-12-01,5073.0,0.0,1st Revision,5012,5134,5517,92.0,N,5555,0.0,2024,2,2024-Q2,8.05,False,False,Aggregate contract counts by state/contract_type. No ANZSCO occupation code available at this level.
New South Wales,Cancellations/Withdrawals,2023.3,116,2023-03-01,9882.0,0.0,Initial,9030,10734,9909,99.7,Y,7418,0.0,2023,3,2023-Q3,0.27,True,False,Aggregate contract counts by state/contract_type. No ANZSCO occupation code available at this level.
New South Wales,Cancellations/Withdrawals,2023.3,117,2023-03-01,10062.0,0.0,1st Revision,9743,10381,9909,101.5,Y,8699,0.0,2023,3,2023-Q3,1.54,True,False,Aggregate contract counts by state/contract_type. No ANZSCO occupation code available at this level.
New South Wales,Cancellations/Withdrawals,2023.4,117,2023-06-01,9324.0,0.0,Initial,8677,9971,8924,104.5,Y,6946,0.0,2023,4,2023-Q4,4.48,True,False,Aggregate contract counts by state/contract_type. No ANZSCO occupation code available at this level.
New South Wales,Cancellations/Withdrawals,2023.4,118,2023-06-01,9115.0,0.0,1st Revision,8824,9406,8924,102.1,Y,7876,0.0,2023,4,2023-Q4,2.14,True,False,Aggregate contract counts by state/contract_type. No ANZSCO occupation code available at this level.
New South Wales,Cancellations/Withdrawals,2024.1,118,2023-09-01,10016.0,0.0,Initial,9264,10768,9364,107.0,Y,7470,0.0,2024,1,2024-Q1,6.96,False,False,Aggregate contract counts by state/contract_type. No ANZSCO occupation code available at this level.
New South Wales,Cancellations/Withdrawals,2024.1,119,2023-09-01,9661.0,0.0,1st Revision,9345,9977,9364,103.2,Y,8327,0.0,2024,1,2024-Q1,3.17,True,False,Aggregate contract counts by state/contract_type. No ANZSCO occupation code available at this level.
New South Wales,Cancellations/Withdrawals,2024.2,119,2023-12-01,8430.0,0.0,Initial,7817,9043,8280,101.8,Y,6281,0.0,2024,2,2024-Q2,1.81,True,False,Aggregate contract counts by state/contract_type. No ANZSCO occupation code available at this level.
New South Wales,Cancellations/Withdrawals,2024.2,120,2023-12-01,8637.0,0.0,1st Revision,8278,8996,8280,104.3,Y,7415,0.0,2024,2,2024-Q2,4.31,True,False,Aggregate contract counts by state/contract_type. No ANZSCO occupation code available at this level.
New South Wales,Commencements,2024.3,120,2024-03-01,19395.0,20054.0,Initial,13513,25277,17168,113.0,Y,16193,116.8,2024,3,2024-Q3,12.97,False,True,Aggregate contract counts by state/contract_type. No ANZSCO occupation code available at this level.
New South Wales,Commencements,2024.3,121,2024-03-01,17799.0,0.0,1st Revision,16636,18962,17168,103.7,Y,17021,0.0,2024,3,2024-Q3,3.68,True,False,Aggregate contract counts by state/contract_type. No ANZSCO occupation code available at this level.
New South Wales,Commencements,2024.4,121,2024-06-01,11139.0,11517.0,Initial,7771,14507,10156,109.7,Y,9295,113.4,2024,4,2024-Q4,9.68,False,False,Aggregate contract counts by state/contract_type. No ANZSCO occupation code available at this level.
New South Wales,Commencements,2024.4,122,2024-06-01,10497.0,0.0,1st Revision,9797,11197,10156,103.4,Y,10045,0.0,2024,4,2024-Q4,3.36,True,False,Aggregate contract counts by state/contract_type. No ANZSCO occupation code available at this level.
New South Wales,Commencements,2025.1,122,2024-09-01,7758.0,8021.0,Initial,5413,10103,7060,109.9,Y,6473,113.6,2025,1,2025-Q1,9.89,False,False,Aggregate contract counts by state/contract_type. No ANZSCO occupation code available at this level.
New South Wales,Commencements,2025.1,123,2024-09-01,7237.0,0.0,1st Revision,6722,7752,7060,102.5,Y,6937,0.0,2025,1,2025-Q1,2.51,True,False,Aggregate contract counts by state/contract_type. No ANZSCO occupation code available at this level.
New South Wales,Commencements,2025.2,123,2024-12-01,8164.0,8453.0,Initial,5524,10804,7516,108.6,Y,6878,112.5,2025,2,2025-Q2,8.62,False,False,Aggregate contract counts by state/contract_type. No ANZSCO occupation code available at this level.
New South Wales,Commencements,2025.2,124,2024-12-01,7681.0,0.0,1st Revision,7191,8171,7516,102.2,Y,7430,0.0,2025,2,2025-Q2,2.2,True,False,Aggregate contract counts by state/contract_type. No ANZSCO occupation code available at this level.
New South Wales,Completions,2024.3,120,2024-03-01,9807.0,0.0,Initial,9328,10286,9483,103.4,Y,9089,0.0,2024,3,2024-Q3,3.42,True,False,Aggregate contract counts by state/contract_type. No ANZSCO occupation code available at this level.
New South Wales,Completions,2024.3,121,2024-03-01,9669.0,0.0,1st Revision,9426,9912,9483,102.0,Y,9362,0.0,2024,3,2024-Q3,1.96,True,False,Aggregate contract counts by state/contract_type. No ANZSCO occupation code available at this level.
New South Wales,Completions,2024.4,121,2024-06-01,6872.0,0.0,Initial,6516,7228,6677,102.9,Y,6378,0.0,2024,4,2024-Q4,2.92,True,False,Aggregate contract counts by state/contract_type. No ANZSCO occupation code available at this level.
New South Wales,Completions,2024.4,122,2024-06-01,6788.0,0.0,1st Revision,6593,6983,6677,101.7,Y,6582,0.0,2024,4,2024-Q4,1.66,True,False,Aggregate contract counts by state/contract_type. No ANZSCO occupation code available at this level.
New South Wales,Completions,2025.1,122,2024-09-01,6781.0,0.0,Initial,6369,7193,6622,102.4,Y,6312,0.0,2025,1,2025-Q1,2.4,True,False,Aggregate contract counts by state/contract_type. No ANZSCO occupation code available at this level.
New South Wales,Completions,2025.1,123,2024-09-01,6713.0,0.0,1st Revision,6586,6840,6622,101.4,Y,6528,0.0,2025,1,2025-Q1,1.37,True,False,Aggregate contract counts by state/contract_type. No ANZSCO occupation code available at this level.
New South Wales,Completions,2025.2,123,2024-12-01,8068.0,0.0,Initial,7652,8484,7913,102.0,Y,7541,0.0,2025,2,2025-Q2,1.96,True,False,Aggregate contract counts by state/contract_type. No ANZSCO occupation code available at this level.
New South Wales,Completions,2025.2,124,2024-12-01,8056.0,0.0,1st Revision,7890,8222,7913,101.8,Y,7843,0.0,2025,2,2025-Q2,1.81,True,False,Aggregate contract counts by state/contract_type. No ANZSCO occupation code available at this level.
New South Wales,In-Training,2023.3,116,2023-03-01,115468.0,0.0,Initial,111470,119466,114868,100.5,Y,116937,0.0,2023,3,2023-Q3,0.52,True,False,Aggregate contract counts by state/contract_type. No ANZSCO occupation code available at this level.
New South Wales,In-Training,2023.3,117,2023-03-01,116782.0,0.0,1st Revision,115262,118302,114868,101.7,Y,117979,0.0,2023,3,2023-Q3,1.67,True,False,Aggregate contract counts by state/contract_type. No ANZSCO occupation code available at this level.
New South Wales,In-Training,2023.4,117,2023-06-01,113067.0,113328.0,Initial,109171,116963,111203,101.7,Y,114876,101.9,2023,4,2023-Q4,1.68,True,False,Aggregate contract counts by state/contract_type. No ANZSCO occupation code available at this level.
New South Wales,In-Training,2023.4,118,2023-06-01,113433.0,0.0,1st Revision,112314,114552,111203,102.0,Y,114440,0.0,2023,4,2023-Q4,2.01,True,False,Aggregate contract counts by state/contract_type. No ANZSCO occupation code available at this level.
New South Wales,In-Training,2024.1,118,2023-09-01,108475.0,108816.0,Initial,105124,111826,106559,101.8,Y,110477,102.1,2024,1,2024-Q1,1.8,True,False,Aggregate contract counts by state/contract_type. No ANZSCO occupation code available at this level.
New South Wales,In-Training,2024.1,119,2023-09-01,108539.0,0.0,1st Revision,107549,109529,106559,101.9,Y,109489,0.0,2024,1,2024-Q1,1.86,True,False,Aggregate contract counts by state/contract_type. No ANZSCO occupation code available at this level.
New South Wales,In-Training,2024.2,119,2023-12-01,103640.0,103996.0,Initial,100212,107068,100866,102.8,Y,104866,103.1,2024,2,2024-Q2,2.75,True,False,Aggregate contract counts by state/contract_type. No ANZSCO occupation code available at this level.
New South Wales,In-Training,2024.2,120,2023-12-01,102943.0,0.0,1st Revision,101911,103975,100866,102.1,Y,103616,0.0,2024,2,2024-Q2,2.06,True,False,Aggregate contract counts by state/contract_type. No ANZSCO occupation code available at this level.
Northern Territory,Cancellations/Withdrawals,2023.3,116,2023-03-01,330.9,342.0,Initial,242,420,320,103.4,Y,256,106.9,2023,3,2023-Q3,3.41,True,False,Aggregate contract counts by state/contract_type. No ANZSCO occupation code available at this level.
Northern Territory,Cancellations/Withdrawals,2023.3,117,2023-03-01,325.0,0.0,1st Revision,289,361,320,101.6,Y,287,0.0,2023,3,2023-Q3,1.56,True,False,Aggregate contract counts by state/contract_type. No ANZSCO occupation code available at this level.
Northern Territory,Cancellations/Withdrawals,2023.4,117,2023-06-01,291.0,0.0,Initial,227,355,269,108.2,Y,214,0.0,2023,4,2023-Q4,8.18,False,False,Aggregate contract counts by state/contract_type. No ANZSCO occupation code available at this level.
Northern Territory,Cancellations/Withdrawals,2023.4,118,2023-06-01,280.0,0.0,1st Revision,248,312,269,104.1,Y,248,0.0,2023,4,2023-Q4,4.09,True,False,Aggregate contract counts by state/contract_type. No ANZSCO occupation code available at this level.
Northern Territory,Cancellations/Withdrawals,2024.1,118,2023-09-01,376.0,0.0,Initial,293,459,338,111.2,Y,277,0.0,2024,1,2024-Q1,11.24,False,False,Aggregate contract counts by state/contract_type. No ANZSCO occupation code available at this level.
Northern Territory,Cancellations/Withdrawals,2024.1,119,2023-09-01,342.0,0.0,1st Revision,304,380,338,101.2,Y,305,0.0,2024,1,2024-Q1,1.18,True,False,Aggregate contract counts by state/contract_type. No ANZSCO occupation code available at this level.
Northern Territory,Cancellations/Withdrawals,2024.2,119,2023-12-01,424.0,0.0,Initial,326,522,396,107.1,Y,314,0.0,2024,2,2024-Q2,7.07,False,False,Aggregate contract counts by state/contract_type. No ANZSCO occupation code available at this level.
Northern Territory,Cancellations/Withdrawals,2024.2,120,2023-12-01,400.0,0.0,1st Revision,366,434,396,101.0,Y,362,0.0,2024,2,2024-Q2,1.01,True,False,Aggregate contract counts by state/contract_type. No ANZSCO occupation code available at this level.
Northern Territory,Commencements,2024.3,120,2024-03-01,728.0,0.0,Initial,645,811,798,91.2,Y,704,0.0,2024,3,2024-Q3,8.77,False,False,Aggregate contract counts by state/contract_type. No ANZSCO occupation code available at this level.
Northern Territory,Commencements,2024.3,121,2024-03-01,761.0,0.0,1st Revision,755,767,798,95.4,Y,758,0.0,2024,3,2024-Q3,4.64,True,False,Aggregate contract counts by state/contract_type. No ANZSCO occupation code available at this level.
Northern Territory,Commencements,2024.4,121,2024-06-01,562.0,0.0,Initial,499,625,611,92.0,Y,543,0.0,2024,4,2024-Q4,8.02,False,False,Aggregate contract counts by state/contract_type. No ANZSCO occupation code available at this level.
Northern Territory,Commencements,2024.4,122,2024-06-01,614.0,0.0,1st Revision,610,618,611,100.5,Y,611,0.0,2024,4,2024-Q4,0.49,True,False,Aggregate contract counts by state/contract_type. No ANZSCO occupation code available at this level.
Northern Territory,Commencements,2025.1,122,2024-09-01,451.0,0.0,Initial,402,500,438,103.0,Y,435,0.0,2025,1,2025-Q1,2.97,True,False,Aggregate contract counts by state/contract_type. No ANZSCO occupation code available at this level.
Northern Territory,Commencements,2025.1,123,2024-09-01,440.0,0.0,1st Revision,431,449,438,100.5,Y,437,0.0,2025,1,2025-Q1,0.46,True,False,Aggregate contract counts by state/contract_type. No ANZSCO occupation code available at this level.
Northern Territory,Commencements,2025.2,123,2024-12-01,365.0,0.0,Initial,327,403,354,103.1,Y,351,0.0,2025,2,2025-Q2,3.11,True,False,Aggregate contract counts by state/contract_type. No ANZSCO occupation code available at this level.
Northern Territory,Commencements,2025.2,124,2024-12-01,357.0,0.0,1st Revision,341,373,354,100.8,Y,352,0.0,2025,2,2025-Q2,0.85,True,False,Aggregate contract counts by state/contract_type. No ANZSCO occupation code available at this level.
Northern Territory,Completions,2024.3,120,2024-03-01,203.0,0.0,Initial,184,222,198,102.5,Y,192,0.0,2024,3,2024-Q3,2.53,True,False,Aggregate contract counts by state/contract_type. No ANZSCO occupation code available at this level.
Northern Territory,Completions,2024.3,121,2024-03-01,201.0,0.0,1st Revision,186,216,198,101.5,Y,195,0.0,2024,3,2024-Q3,1.52,True,False,Aggregate contract counts by state/contract_type. No ANZSCO occupation code available at this level.
Northern Territory,Completions,2024.4,121,2024-06-01,218.0,0.0,Initial,193,243,213,102.3,Y,205,0.0,2024,4,2024-Q4,2.35,True,False,Aggregate contract counts by state/contract_type. No ANZSCO occupation code available at this level.
Northern Territory,Completions,2024.4,122,2024-06-01,215.0,0.0,1st Revision,198,232,213,100.9,Y,208,0.0,2024,4,2024-Q4,0.94,True,False,Aggregate contract counts by state/contract_type. No ANZSCO occupation code available at this level.
Northern Territory,Completions,2025.1,122,2024-09-01,216.0,0.0,Initial,191,241,211,102.4,Y,202,0.0,2025,1,2025-Q1,2.37,True,False,Aggregate contract counts by state/contract_type. No ANZSCO occupation code available at this level.
Northern Territory,Completions,2025.1,123,2024-09-01,214.0,0.0,1st Revision,198,230,211,101.4,Y,208,0.0,2025,1,2025-Q1,1.42,True,False,Aggregate contract counts by state/contract_type. No ANZSCO occupation code available at this level.
Northern Territory,Completions,2025.2,123,2024-12-01,529.0,0.0,Initial,467,591,513,103.1,Y,495,0.0,2025,2,2025-Q2,3.12,True,False,Aggregate contract counts by state/contract_type. No ANZSCO occupation code available at this level.
Northern Territory,Completions,2025.2,124,2024-12-01,516.0,0.0,1st Revision,493,539,513,100.6,Y,506,0.0,2025,2,2025-Q2,0.58,True,False,Aggregate contract counts by state/contract_type. No ANZSCO occupation code available at this level.
Northern Territory,In-Training,2023.3,116,2023-03-01,3520.1,3509.0,Initial,3410,3630,3611,97.5,Y,3687,97.2,2023,3,2023-Q3,2.52,True,False,Aggregate contract counts by state/contract_type. No ANZSCO occupation code available at this level.
Northern Territory,In-Training,2023.3,117,2023-03-01,3648.0,0.0,1st Revision,3600,3696,3611,101.0,Y,3732,0.0,2023,3,2023-Q3,1.02,True,False,Aggregate contract counts by state/contract_type. No ANZSCO occupation code available at this level.
Northern Territory,In-Training,2023.4,117,2023-06-01,3759.0,0.0,Initial,3673,3845,3751,100.2,Y,3922,0.0,2023,4,2023-Q4,0.21,True,False,Aggregate contract counts by state/contract_type. No ANZSCO occupation code available at this level.
Northern Territory,In-Training,2023.4,118,2023-06-01,3798.0,0.0,1st Revision,3753,3843,3751,101.3,Y,3867,0.0,2023,4,2023-Q4,1.25,True,False,Aggregate contract counts by state/contract_type. No ANZSCO occupation code available at this level.
Northern Territory,In-Training,2024.1,118,2023-09-01,3702.0,0.0,Initial,3604,3800,3690,100.3,Y,3873,0.0,2024,1,2024-Q1,0.33,True,False,Aggregate contract counts by state/contract_type. No ANZSCO occupation code available at this level.
Northern Territory,In-Training,2024.1,119,2023-09-01,3726.0,0.0,1st Revision,3679,3773,3690,101.0,Y,3799,0.0,2024,1,2024-Q1,0.98,True,False,Aggregate contract counts by state/contract_type. No ANZSCO occupation code available at this level.
Northern Territory,In-Training,2024.2,119,2023-12-01,3241.0,0.0,Initial,3123,3359,3237,100.1,Y,3444,0.0,2024,2,2024-Q2,0.12,True,False,Aggregate contract counts by state/contract_type. No ANZSCO occupation code available at this level.
Northern Territory,In-Training,2024.2,120,2023-12-01,3272.0,0.0,1st Revision,3228,3316,3237,101.1,Y,3271,0.0,2024,2,2024-Q2,1.08,True,False,Aggregate contract counts by state/contract_type. No ANZSCO occupation code available at this level.
Queensland,Cancellations/Withdrawals,2023.3,116,2023-03-01,7558.0,0.0,Initial,7045,8071,8444,89.5,N,6620,0.0,2023,3,2023-Q3,10.49,False,True,Aggregate contract counts by state/contract_type. No ANZSCO occupation code available at this level.
Queensland,Cancellations/Withdrawals,2023.3,117,2023-03-01,8204.0,0.0,1st Revision,8067,8341,8444,97.2,N,7761,0.0,2023,3,2023-Q3,2.84,True,False,Aggregate contract counts by state/contract_type. No ANZSCO occupation code available at this level.
Queensland,Cancellations/Withdrawals,2023.4,117,2023-06-01,7239.0,0.0,Initial,6761,7717,7634,94.8,Y,6314,0.0,2023,4,2023-Q4,5.17,False,False,Aggregate contract counts by state/contract_type. No ANZSCO occupation code available at this level.
Queensland,Cancellations/Withdrawals,2023.4,118,2023-06-01,7371.0,0.0,1st Revision,7267,7475,7634,96.6,Y,6961,0.0,2023,4,2023-Q4,3.45,True,False,Aggregate contract counts by state/contract_type. No ANZSCO occupation code available at this level.
Queensland,Cancellations/Withdrawals,2024.1,118,2023-09-01,7174.0,0.0,Initial,6767,7581,7416,96.7,Y,6215,0.0,2024,1,2024-Q1,3.26,True,False,Aggregate contract counts by state/contract_type. No ANZSCO occupation code available at this level.
Queensland,Cancellations/Withdrawals,2024.1,119,2023-09-01,7421.0,0.0,1st Revision,7263,7579,7416,100.1,Y,6993,0.0,2024,1,2024-Q1,0.07,True,False,Aggregate contract counts by state/contract_type. No ANZSCO occupation code available at this level.
Queensland,Cancellations/Withdrawals,2024.2,119,2023-12-01,7194.0,0.0,Initial,6668,7720,7089,101.5,Y,6183,0.0,2024,2,2024-Q2,1.48,True,False,Aggregate contract counts by state/contract_type. No ANZSCO occupation code available at this level.
Queensland,Cancellations/Withdrawals,2024.2,120,2023-12-01,7142.0,0.0,1st Revision,6968,7316,7089,100.7,Y,6719,0.0,2024,2,2024-Q2,0.75,True,False,Aggregate contract counts by state/contract_type. No ANZSCO occupation code available at this level.
Queensland,Commencements,2024.3,120,2024-03-01,15314.0,0.0,Initial,13082,17546,14369,106.6,Y,13777,0.0,2024,3,2024-Q3,6.58,False,False,Aggregate contract counts by state/contract_type. No ANZSCO occupation code available at this level.
Queensland,Commencements,2024.3,121,2024-03-01,14556.0,0.0,1st Revision,14170,14942,14369,101.3,Y,14316,0.0,2024,3,2024-Q3,1.3,True,False,Aggregate contract counts by state/contract_type. No ANZSCO occupation code available at this level.
Queensland,Commencements,2024.4,121,2024-06-01,12684.0,0.0,Initial,10762,14606,12153,104.4,Y,11437,0.0,2024,4,2024-Q4,4.37,True,False,Aggregate contract counts by state/contract_type. No ANZSCO occupation code available at this level.
Queensland,Commencements,2024.4,122,2024-06-01,12305.0,0.0,1st Revision,11952,12658,12153,101.3,Y,12118,0.0,2024,4,2024-Q4,1.25,True,False,Aggregate contract counts by state/contract_type. No ANZSCO occupation code available at this level.
Queensland,Commencements,2025.1,122,2024-09-01,8640.0,0.0,Initial,7246,10034,8226,105.0,Y,7823,0.0,2025,1,2025-Q1,5.03,False,False,Aggregate contract counts by state/contract_type. No ANZSCO occupation code available at this level.
Queensland,Commencements,2025.1,123,2024-09-01,8256.0,0.0,1st Revision,8008,8504,8226,100.4,Y,8143,0.0,2025,1,2025-Q1,0.36,True,False,Aggregate contract counts by state/contract_type. No ANZSCO occupation code available at this level.
Queensland,Commencements,2025.2,123,2024-12-01,7836.0,0.0,Initial,6515,9157,7555,103.7,Y,7133,0.0,2025,2,2025-Q2,3.72,True,False,Aggregate contract counts by state/contract_type. No ANZSCO occupation code available at this level.
Queensland,Commencements,2025.2,124,2024-12-01,7602.0,0.0,1st Revision,7410,7794,7555,100.6,Y,7524,0.0,2025,2,2025-Q2,0.62,True,False,Aggregate contract counts by state/contract_type. No ANZSCO occupation code available at this level.
Queensland,Completions,2024.3,120,2024-03-01,5898.0,0.0,Initial,5776,6020,5840,101.0,Y,5549,0.0,2024,3,2024-Q3,0.99,True,False,Aggregate contract counts by state/contract_type. No ANZSCO occupation code available at this level.
Queensland,Completions,2024.3,121,2024-03-01,5907.0,0.0,1st Revision,5869,5945,5840,101.1,Y,5741,0.0,2024,3,2024-Q3,1.15,True,False,Aggregate contract counts by state/contract_type. No ANZSCO occupation code available at this level.
Queensland,Completions,2024.4,121,2024-06-01,6460.0,0.0,Initial,6340,6580,6249,103.4,N,6047,0.0,2024,4,2024-Q4,3.38,True,False,Aggregate contract counts by state/contract_type. No ANZSCO occupation code available at this level.
Queensland,Completions,2024.4,122,2024-06-01,6376.0,0.0,1st Revision,6339,6413,6249,102.0,N,6191,0.0,2024,4,2024-Q4,2.03,True,False,Aggregate contract counts by state/contract_type. No ANZSCO occupation code available at this level.
Queensland,Completions,2025.1,122,2024-09-01,6187.0,0.0,Initial,6067,6307,6039,102.5,N,5785,0.0,2025,1,2025-Q1,2.45,True,False,Aggregate contract counts by state/contract_type. No ANZSCO occupation code available at this level.
Queensland,Completions,2025.1,123,2024-09-01,6136.0,0.0,1st Revision,6062,6210,6039,101.6,N,5960,0.0,2025,1,2025-Q1,1.61,True,False,Aggregate contract counts by state/contract_type. No ANZSCO occupation code available at this level.
Queensland,Completions,2025.2,123,2024-12-01,7786.0,0.0,Initial,7565,8007,7547,103.2,N,7288,0.0,2025,2,2025-Q2,3.17,True,False,Aggregate contract counts by state/contract_type. No ANZSCO occupation code available at this level.
Queensland,Completions,2025.2,124,2024-12-01,7670.0,0.0,1st Revision,7552,7788,7547,101.6,N,7457,0.0,2025,2,2025-Q2,1.63,True,False,Aggregate contract counts by state/contract_type. No ANZSCO occupation code available at this level.
Queensland,In-Training,2023.3,116,2023-03-01,95689.0,0.0,Initial,93819,97559,92913,103.0,N,95399,0.0,2023,3,2023-Q3,2.99,True,False,Aggregate contract counts by state/contract_type. No ANZSCO occupation code available at this level.
Queensland,In-Training,2023.3,117,2023-03-01,94880.0,0.0,1st Revision,94370,95390,92913,102.1,N,94698,0.0,2023,3,2023-Q3,2.12,True,False,Aggregate contract counts by state/contract_type. No ANZSCO occupation code available at this level.
Queensland,In-Training,2023.4,117,2023-06-01,93088.0,0.0,Initial,91157,95019,89874,103.6,N,92528,0.0,2023,4,2023-Q4,3.58,True,False,Aggregate contract counts by state/contract_type. No ANZSCO occupation code available at this level.
Queensland,In-Training,2023.4,118,2023-06-01,92123.0,0.0,1st Revision,91738,92508,89874,102.5,N,91697,0.0,2023,4,2023-Q4,2.5,True,False,Aggregate contract counts by state/contract_type. No ANZSCO occupation code available at this level.
Queensland,In-Training,2024.1,118,2023-09-01,90621.0,0.0,Initial,88858,92384,87132,104.0,N,89784,0.0,2024,1,2024-Q1,4.0,True,False,Aggregate contract counts by state/contract_type. No ANZSCO occupation code available at this level.
Queensland,In-Training,2024.1,119,2023-09-01,89030.0,0.0,1st Revision,88634,89426,87132,102.2,N,88511,0.0,2024,1,2024-Q1,2.18,True,False,Aggregate contract counts by state/contract_type. No ANZSCO occupation code available at this level.
Queensland,In-Training,2024.2,119,2023-12-01,84306.0,0.0,Initial,82774,85838,81881,103.0,N,83800,0.0,2024,2,2024-Q2,2.96,True,False,Aggregate contract counts by state/contract_type. No ANZSCO occupation code available at this level.
Queensland,In-Training,2024.2,120,2023-12-01,83573.0,0.0,1st Revision,83144,84002,81881,102.1,N,83113,0.0,2024,2,2024-Q2,2.07,True,False,Aggregate contract counts by state/contract_type. No ANZSCO occupation code available at this level.
South Australia,Cancellations/Withdrawals,2023.3,116,2023-03-01,1776.0,0.0,Initial,1574,1978,1718,103.4,Y,1403,0.0,2023,3,2023-Q3,3.38,True,False,Aggregate contract counts by state/contract_type. No ANZSCO occupation code available at this level.
South Australia,Cancellations/Withdrawals,2023.3,117,2023-03-01,1763.0,0.0,1st Revision,1681,1845,1718,102.6,Y,1555,0.0,2023,3,2023-Q3,2.62,True,False,Aggregate contract counts by state/contract_type. No ANZSCO occupation code available at this level.
South Australia,Cancellations/Withdrawals,2023.4,117,2023-06-01,1665.0,0.0,Initial,1487,1843,1510,110.3,Y,1307,0.0,2023,4,2023-Q4,10.26,False,False,Aggregate contract counts by state/contract_type. No ANZSCO occupation code available at this level.
South Australia,Cancellations/Withdrawals,2023.4,118,2023-06-01,1563.0,0.0,1st Revision,1473,1653,1510,103.5,Y,1384,0.0,2023,4,2023-Q4,3.51,True,False,Aggregate contract counts by state/contract_type. No ANZSCO occupation code available at this level.
South Australia,Cancellations/Withdrawals,2024.1,118,2023-09-01,1386.0,0.0,Initial,1232,1540,1271,109.0,Y,1089,0.0,2024,1,2024-Q1,9.05,False,False,Aggregate contract counts by state/contract_type. No ANZSCO occupation code available at this level.
South Australia,Cancellations/Withdrawals,2024.1,119,2023-09-01,1317.0,0.0,1st Revision,1243,1391,1271,103.6,Y,1164,0.0,2024,1,2024-Q1,3.62,True,False,Aggregate contract counts by state/contract_type. No ANZSCO occupation code available at this level.
South Australia,Cancellations/Withdrawals,2024.2,119,2023-12-01,1307.0,0.0,Initial,1170,1444,1214,107.7,Y,1031,0.0,2024,2,2024-Q2,7.66,False,False,Aggregate contract counts by state/contract_type. No ANZSCO occupation code available at this level.
South Australia,Cancellations/Withdrawals,2024.2,120,2023-12-01,1255.0,0.0,1st Revision,1185,1325,1214,103.4,Y,1111,0.0,2024,2,2024-Q2,3.38,True,False,Aggregate contract counts by state/contract_type. No ANZSCO occupation code available at this level.
South Australia,Commencements,2024.3,120,2024-03-01,3297.0,3461.0,Initial,2103,4491,3153,104.6,Y,3081,109.8,2024,3,2024-Q3,4.57,True,False,Aggregate contract counts by state/contract_type. No ANZSCO occupation code available at this level.
South Australia,Commencements,2024.3,121,2024-03-01,3172.0,0.0,1st Revision,3103,3241,3153,100.6,Y,3139,0.0,2024,3,2024-Q3,0.6,True,False,Aggregate contract counts by state/contract_type. No ANZSCO occupation code available at this level.
South Australia,Commencements,2024.4,121,2024-06-01,2691.0,2830.0,Initial,1675,3707,2686,100.2,Y,2545,105.4,2024,4,2024-Q4,0.19,True,False,Aggregate contract counts by state/contract_type. No ANZSCO occupation code available at this level.
South Australia,Commencements,2024.4,122,2024-06-01,2685.0,0.0,1st Revision,2635,2735,2686,100.0,Y,2665,0.0,2024,4,2024-Q4,0.04,True,False,Aggregate contract counts by state/contract_type. No ANZSCO occupation code available at this level.
South Australia,Commencements,2025.1,122,2024-09-01,1570.0,1654.0,Initial,965,2175,1579,99.4,Y,1502,104.7,2025,1,2025-Q1,0.57,True,False,Aggregate contract counts by state/contract_type. No ANZSCO occupation code available at this level.
South Australia,Commencements,2025.1,123,2024-09-01,1583.0,0.0,1st Revision,1554,1612,1579,100.3,Y,1573,0.0,2025,1,2025-Q1,0.25,True,False,Aggregate contract counts by state/contract_type. No ANZSCO occupation code available at this level.
South Australia,Commencements,2025.2,123,2024-12-01,1655.0,1744.0,Initial,1009,2301,1647,100.5,Y,1590,105.9,2025,2,2025-Q2,0.49,True,False,Aggregate contract counts by state/contract_type. No ANZSCO occupation code available at this level.
South Australia,Commencements,2025.2,124,2024-12-01,1646.0,0.0,1st Revision,1636,1656,1647,99.9,Y,1640,0.0,2025,2,2025-Q2,0.06,True,False,Aggregate contract counts by state/contract_type. No ANZSCO occupation code available at this level.
South Australia,Completions,2024.3,120,2024-03-01,1721.0,0.0,Initial,1605,1837,1573,109.4,N,1473,0.0,2024,3,2024-Q3,9.41,False,False,Aggregate contract counts by state/contract_type. No ANZSCO occupation code available at this level.
South Australia,Completions,2024.3,121,2024-03-01,1663.0,0.0,1st Revision,1593,1733,1573,105.7,N,1528,0.0,2024,3,2024-Q3,5.72,False,False,Aggregate contract counts by state/contract_type. No ANZSCO occupation code available at this level.
South Australia,Completions,2024.4,121,2024-06-01,1256.0,0.0,Initial,1182,1330,1169,107.4,N,1067,0.0,2024,4,2024-Q4,7.44,False,False,Aggregate contract counts by state/contract_type. No ANZSCO occupation code available at this level.
South Australia,Completions,2024.4,122,2024-06-01,1224.0,0.0,1st Revision,1181,1267,1169,104.7,N,1120,0.0,2024,4,2024-Q4,4.7,True,False,Aggregate contract counts by state/contract_type. No ANZSCO occupation code available at this level.
South Australia,Completions,2025.1,122,2024-09-01,1316.0,0.0,Initial,1253,1379,1212,108.6,N,1109,0.0,2025,1,2025-Q1,8.58,False,False,Aggregate contract counts by state/contract_type. No ANZSCO occupation code available at this level.
South Australia,Completions,2025.1,123,2024-09-01,1271.0,0.0,1st Revision,1211,1331,1212,104.9,N,1169,0.0,2025,1,2025-Q1,4.87,True,False,Aggregate contract counts by state/contract_type. No ANZSCO occupation code available at this level.
South Australia,Completions,2025.2,123,2024-12-01,1849.0,0.0,Initial,1741,1957,1762,104.9,Y,1561,0.0,2025,2,2025-Q2,4.94,True,False,Aggregate contract counts by state/contract_type. No ANZSCO occupation code available at this level.
South Australia,Completions,2025.2,124,2024-12-01,1844.0,0.0,1st Revision,1730,1958,1762,104.7,Y,1705,0.0,2025,2,2025-Q2,4.65,True,False,Aggregate contract counts by state/contract_type. No ANZSCO occupation code available at this level.
South Australia,In-Training,2023.3,116,2023-03-01,29369.3,29559.0,Initial,27960,30779,28162,104.3,Y,29442,105.0,2023,3,2023-Q3,4.29,True,False,Aggregate contract counts by state/contract_type. No ANZSCO occupation code available at this level.
South Australia,In-Training,2023.3,117,2023-03-01,29120.0,0.0,1st Revision,28913,29327,28162,103.4,Y,29091,0.0,2023,3,2023-Q3,3.4,True,False,Aggregate contract counts by state/contract_type. No ANZSCO occupation code available at this level.
South Australia,In-Training,2023.4,117,2023-06-01,28083.0,28191.0,Initial,27249,28917,26973,104.1,N,28187,104.5,2023,4,2023-Q4,4.12,True,False,Aggregate contract counts by state/contract_type. No ANZSCO occupation code available at this level.
South Australia,In-Training,2023.4,118,2023-06-01,27857.0,0.0,1st Revision,27612,28102,26973,103.3,N,27809,0.0,2023,4,2023-Q4,3.28,True,False,Aggregate contract counts by state/contract_type. No ANZSCO occupation code available at this level.
South Australia,In-Training,2024.1,118,2023-09-01,26801.0,26897.0,Initial,26040,27562,25662,104.4,N,26803,104.8,2024,1,2024-Q1,4.44,True,False,Aggregate contract counts by state/contract_type. No ANZSCO occupation code available at this level.
South Australia,In-Training,2024.1,119,2023-09-01,26588.0,0.0,1st Revision,26302,26874,25662,103.6,N,26466,0.0,2024,1,2024-Q1,3.61,True,False,Aggregate contract counts by state/contract_type. No ANZSCO occupation code available at this level.
South Australia,In-Training,2024.2,119,2023-12-01,24916.0,25014.0,Initial,24119,25713,23879,104.3,N,24995,104.8,2024,2,2024-Q2,4.34,True,False,Aggregate contract counts by state/contract_type. No ANZSCO occupation code available at this level.
South Australia,In-Training,2024.2,120,2023-12-01,24627.0,0.0,1st Revision,24301,24953,23879,103.1,N,24561,0.0,2024,2,2024-Q2,3.13,True,False,Aggregate contract counts by state/contract_type. No ANZSCO occupation code available at this level.
Tasmania,Cancellations/Withdrawals,2023.3,116,2023-03-01,1106.0,0.0,Initial,916,1296,988,111.9,Y,909,0.0,2023,3,2023-Q3,11.94,False,False,Aggregate contract counts by state/contract_type. No ANZSCO occupation code available at this level.
Tasmania,Cancellations/Withdrawals,2023.3,117,2023-03-01,1034.0,0.0,1st Revision,961,1107,988,104.7,Y,952,0.0,2023,3,2023-Q3,4.66,True,False,Aggregate contract counts by state/contract_type. No ANZSCO occupation code available at this level.
Tasmania,Cancellations/Withdrawals,2023.4,117,2023-06-01,1012.0,0.0,Initial,869,1155,907,111.6,Y,823,0.0,2023,4,2023-Q4,11.58,False,False,Aggregate contract counts by state/contract_type. No ANZSCO occupation code available at this level.
Tasmania,Cancellations/Withdrawals,2023.4,118,2023-06-01,937.0,0.0,1st Revision,866,1008,907,103.3,Y,863,0.0,2023,4,2023-Q4,3.31,True,False,Aggregate contract counts by state/contract_type. No ANZSCO occupation code available at this level.
Tasmania,Cancellations/Withdrawals,2024.1,118,2023-09-01,874.0,0.0,Initial,746,1002,788,110.9,Y,711,0.0,2024,1,2024-Q1,10.91,False,False,Aggregate contract counts by state/contract_type. No ANZSCO occupation code available at this level.
Tasmania,Cancellations/Withdrawals,2024.1,119,2023-09-01,819.0,0.0,1st Revision,757,881,788,103.9,Y,756,0.0,2024,1,2024-Q1,3.93,True,False,Aggregate contract counts by state/contract_type. No ANZSCO occupation code available at this level.
Tasmania,Cancellations/Withdrawals,2024.2,119,2023-12-01,792.0,0.0,Initial,672,912,720,110.0,Y,647,0.0,2024,2,2024-Q2,10.0,False,False,Aggregate contract counts by state/contract_type. No ANZSCO occupation code available at this level.
Tasmania,Cancellations/Withdrawals,2024.2,120,2023-12-01,746.0,0.0,1st Revision,695,797,720,103.6,Y,686,0.0,2024,2,2024-Q2,3.61,True,False,Aggregate contract counts by state/contract_type. No ANZSCO occupation code available at this level.
Tasmania,Commencements,2024.3,120,2024-03-01,1851.0,0.0,Initial,1753,1949,1810,102.3,Y,1808,0.0,2024,3,2024-Q3,2.27,True,False,Aggregate contract counts by state/contract_type. No ANZSCO occupation code available at this level.
Tasmania,Commencements,2024.3,121,2024-03-01,1814.0,0.0,1st Revision,1802,1826,1810,100.2,Y,1809,0.0,2024,3,2024-Q3,0.22,True,False,Aggregate contract counts by state/contract_type. No ANZSCO occupation code available at this level.
Tasmania,Commencements,2024.4,121,2024-06-01,1344.0,0.0,Initial,1271,1417,1315,102.2,Y,1314,0.0,2024,4,2024-Q4,2.21,True,False,Aggregate contract counts by state/contract_type. No ANZSCO occupation code available at this level.
Tasmania,Commencements,2024.4,122,2024-06-01,1319.0,0.0,1st Revision,1311,1327,1315,100.3,Y,1315,0.0,2024,4,2024-Q4,0.3,True,False,Aggregate contract counts by state/contract_type. No ANZSCO occupation code available at this level.
Tasmania,Commencements,2025.1,122,2024-09-01,827.0,0.0,Initial,782,872,810,102.1,Y,809,0.0,2025,1,2025-Q1,2.1,True,False,Aggregate contract counts by state/contract_type. No ANZSCO occupation code available at this level.
Tasmania,Commencements,2025.1,123,2024-09-01,811.0,0.0,1st Revision,807,815,810,100.1,Y,809,0.0,2025,1,2025-Q1,0.12,True,False,Aggregate contract counts by state/contract_type. No ANZSCO occupation code available at this level.
Tasmania,Commencements,2025.2,123,2024-12-01,763.0,0.0,Initial,720,806,748,102.0,Y,747,0.0,2025,2,2025-Q2,2.01,True,False,Aggregate contract counts by state/contract_type. No ANZSCO occupation code available at this level.
Tasmania,Commencements,2025.2,124,2024-12-01,748.0,0.0,1st Revision,745,751,748,100.0,Y,747,0.0,2025,2,2025-Q2,0.0,True,False,Aggregate contract counts by state/contract_type. No ANZSCO occupation code available at this level.
Tasmania,Completions,2024.3,120,2024-03-01,644.0,0.0,Initial,632,656,637,101.1,Y,633,0.0,2024,3,2024-Q3,1.1,True,False,Aggregate contract counts by state/contract_type. No ANZSCO occupation code available at this level.
Tasmania,Completions,2024.3,121,2024-03-01,641.0,0.0,1st Revision,633,649,637,100.6,Y,636,0.0,2024,3,2024-Q3,0.63,True,False,Aggregate contract counts by state/contract_type. No ANZSCO occupation code available at this level.
Tasmania,Completions,2024.4,121,2024-06-01,762.0,0.0,Initial,749,775,751,101.5,Y,750,0.0,2024,4,2024-Q4,1.46,True,False,Aggregate contract counts by state/contract_type. No ANZSCO occupation code available at this level.
Tasmania,Completions,2024.4,122,2024-06-01,756.0,0.0,1st Revision,746,766,751,100.7,Y,751,0.0,2024,4,2024-Q4,0.67,True,False,Aggregate contract counts by state/contract_type. No ANZSCO occupation code available at this level.
Tasmania,Completions,2025.1,122,2024-09-01,777.0,0.0,Initial,762,792,768,101.2,Y,766,0.0,2025,1,2025-Q1,1.17,True,False,Aggregate contract counts by state/contract_type. No ANZSCO occupation code available at this level.
Tasmania,Completions,2025.1,123,2024-09-01,773.0,0.0,1st Revision,763,783,768,100.7,Y,768,0.0,2025,1,2025-Q1,0.65,True,False,Aggregate contract counts by state/contract_type. No ANZSCO occupation code available at this level.
Tasmania,Completions,2025.2,123,2024-12-01,1192.0,0.0,Initial,1168,1216,1180,101.0,Y,1176,0.0,2025,2,2025-Q2,1.02,True,False,Aggregate contract counts by state/contract_type. No ANZSCO occupation code available at this level.
Tasmania,Completions,2025.2,124,2024-12-01,1182.0,0.0,1st Revision,1168,1196,1180,100.2,Y,1177,0.0,2025,2,2025-Q2,0.17,True,False,Aggregate contract counts by state/contract_type. No ANZSCO occupation code available at this level.
Tasmania,In-Training,2023.3,116,2023-03-01,10828.0,0.0,Initial,10564,11092,11815,91.6,N,11863,0.0,2023,3,2023-Q3,8.35,False,False,Aggregate contract counts by state/contract_type. No ANZSCO occupation code available at this level.
Tasmania,In-Training,2023.3,117,2023-03-01,11045.0,0.0,1st Revision,10921,11169,11815,93.5,N,11812,0.0,2023,3,2023-Q3,6.52,False,False,Aggregate contract counts by state/contract_type. No ANZSCO occupation code available at this level.
Tasmania,In-Training,2023.4,117,2023-06-01,10373.0,0.0,Initial,10171,10575,11436,90.7,N,11424,0.0,2023,4,2023-Q4,9.3,False,True,Aggregate contract counts by state/contract_type. No ANZSCO occupation code available at this level.
Tasmania,In-Training,2023.4,118,2023-06-01,10658.0,0.0,1st Revision,10534,10782,11436,93.2,N,11548,0.0,2023,4,2023-Q4,6.8,False,False,Aggregate contract counts by state/contract_type. No ANZSCO occupation code available at this level.
Tasmania,In-Training,2024.1,118,2023-09-01,10074.0,0.0,Initial,9882,10266,11025,91.4,N,11196,0.0,2024,1,2024-Q1,8.63,False,False,Aggregate contract counts by state/contract_type. No ANZSCO occupation code available at this level.
Tasmania,In-Training,2024.1,119,2023-09-01,10282.0,0.0,1st Revision,10167,10397,11025,93.3,N,11120,0.0,2024,1,2024-Q1,6.74,False,False,Aggregate contract counts by state/contract_type. No ANZSCO occupation code available at this level.
Tasmania,In-Training,2024.2,119,2023-12-01,9395.0,0.0,Initial,9215,9575,10221,91.9,N,10396,0.0,2024,2,2024-Q2,8.08,False,False,Aggregate contract counts by state/contract_type. No ANZSCO occupation code available at this level.
Tasmania,In-Training,2024.2,120,2023-12-01,9568.0,0.0,1st Revision,9456,9680,10221,93.6,N,10325,0.0,2024,2,2024-Q2,6.39,False,False,Aggregate contract counts by state/contract_type. No ANZSCO occupation code available at this level.
Victoria,Cancellations/Withdrawals,2023.3,116,2023-03-01,7370.2,7072.0,Initial,5702,9039,6595,111.8,Y,5119,107.2,2023,3,2023-Q3,11.75,False,False,Aggregate contract counts by state/contract_type. No ANZSCO occupation code available at this level.
Victoria,Cancellations/Withdrawals,2023.3,117,2023-03-01,6886.0,0.0,1st Revision,6287,7485,6595,104.4,Y,5768,0.0,2023,3,2023-Q3,4.41,True,False,Aggregate contract counts by state/contract_type. No ANZSCO occupation code available at this level.
Victoria,Cancellations/Withdrawals,2023.4,117,2023-06-01,7462.0,0.0,Initial,5970,8954,6568,113.6,Y,5292,0.0,2023,4,2023-Q4,13.61,False,True,Aggregate contract counts by state/contract_type. No ANZSCO occupation code available at this level.
Victoria,Cancellations/Withdrawals,2023.4,118,2023-06-01,7031.0,0.0,1st Revision,6618,7444,6568,107.0,Y,5807,0.0,2023,4,2023-Q4,7.05,False,False,Aggregate contract counts by state/contract_type. No ANZSCO occupation code available at this level.
Victoria,Cancellations/Withdrawals,2024.1,118,2023-09-01,6815.0,0.0,Initial,5844,7786,5966,114.2,Y,4736,0.0,2024,1,2024-Q1,14.23,False,True,Aggregate contract counts by state/contract_type. No ANZSCO occupation code available at this level.
Victoria,Cancellations/Withdrawals,2024.1,119,2023-09-01,6383.0,0.0,1st Revision,6005,6761,5966,107.0,Y,5252,0.0,2024,1,2024-Q1,6.99,False,False,Aggregate contract counts by state/contract_type. No ANZSCO occupation code available at this level.
Victoria,Cancellations/Withdrawals,2024.2,119,2023-12-01,6123.0,0.0,Initial,5286,6960,5570,109.9,Y,4211,0.0,2024,2,2024-Q2,9.93,False,False,Aggregate contract counts by state/contract_type. No ANZSCO occupation code available at this level.
Victoria,Cancellations/Withdrawals,2024.2,120,2023-12-01,5991.0,0.0,1st Revision,5585,6397,5570,107.6,Y,4926,0.0,2024,2,2024-Q2,7.56,False,False,Aggregate contract counts by state/contract_type. No ANZSCO occupation code available at this level.
Victoria,Commencements,2024.3,120,2024-03-01,11498.0,0.0,Initial,10007,12989,10967,104.8,Y,10907,0.0,2024,3,2024-Q3,4.84,True,False,Aggregate contract counts by state/contract_type. No ANZSCO occupation code available at this level.
Victoria,Commencements,2024.3,121,2024-03-01,11029.0,0.0,1st Revision,10892,11166,10967,100.6,Y,10964,0.0,2024,3,2024-Q3,0.57,True,False,Aggregate contract counts by state/contract_type. No ANZSCO occupation code available at this level.
Victoria,Commencements,2024.4,121,2024-06-01,8144.0,0.0,Initial,7052,9236,7830,104.0,Y,7744,0.0,2024,4,2024-Q4,4.01,True,False,Aggregate contract counts by state/contract_type. No ANZSCO occupation code available at this level.
Victoria,Commencements,2024.4,122,2024-06-01,7872.0,0.0,1st Revision,7769,7975,7830,100.5,Y,7830,0.0,2024,4,2024-Q4,0.54,True,False,Aggregate contract counts by state/contract_type. No ANZSCO occupation code available at this level.
Victoria,Commencements,2025.1,122,2024-09-01,5143.0,0.0,Initial,4427,5859,4927,104.4,Y,4907,0.0,2025,1,2025-Q1,4.38,True,False,Aggregate contract counts by state/contract_type. No ANZSCO occupation code available at this level.
Victoria,Commencements,2025.1,123,2024-09-01,4947.0,0.0,1st Revision,4882,5012,4927,100.4,Y,4927,0.0,2025,1,2025-Q1,0.41,True,False,Aggregate contract counts by state/contract_type. No ANZSCO occupation code available at this level.
Victoria,Commencements,2025.2,123,2024-12-01,4958.0,0.0,Initial,4246,5670,4762,104.1,Y,4745,0.0,2025,2,2025-Q2,4.12,True,False,Aggregate contract counts by state/contract_type. No ANZSCO occupation code available at this level.
Victoria,Commencements,2025.2,124,2024-12-01,4773.0,0.0,1st Revision,4723,4823,4762,100.2,Y,4761,0.0,2025,2,2025-Q2,0.23,True,False,Aggregate contract counts by state/contract_type. No ANZSCO occupation code available at this level.
Victoria,Completions,2024.3,120,2024-03-01,4389.0,0.0,Initial,4209,4569,4182,104.9,N,4034,0.0,2024,3,2024-Q3,4.95,True,False,Aggregate contract counts by state/contract_type. No ANZSCO occupation code available at this level.
Victoria,Completions,2024.3,121,2024-03-01,4309.0,0.0,1st Revision,4185,4433,4182,103.0,N,4135,0.0,2024,3,2024-Q3,3.04,True,False,Aggregate contract counts by state/contract_type. No ANZSCO occupation code available at this level.
Victoria,Completions,2024.4,121,2024-06-01,3886.0,0.0,Initial,3726,4046,3741,103.9,Y,3580,0.0,2024,4,2024-Q4,3.88,True,False,Aggregate contract counts by state/contract_type. No ANZSCO occupation code available at this level.
Victoria,Completions,2024.4,122,2024-06-01,3805.0,0.0,1st Revision,3723,3887,3741,101.7,Y,3667,0.0,2024,4,2024-Q4,1.71,True,False,Aggregate contract counts by state/contract_type. No ANZSCO occupation code available at this level.
Victoria,Completions,2025.1,122,2024-09-01,4065.0,0.0,Initial,3919,4211,3921,103.7,Y,3768,0.0,2025,1,2025-Q1,3.67,True,False,Aggregate contract counts by state/contract_type. No ANZSCO occupation code available at this level.
Victoria,Completions,2025.1,123,2024-09-01,3982.0,0.0,1st Revision,3875,4089,3921,101.6,Y,3848,0.0,2025,1,2025-Q1,1.56,True,False,Aggregate contract counts by state/contract_type. No ANZSCO occupation code available at this level.
Victoria,Completions,2025.2,123,2024-12-01,6340.0,0.0,Initial,6038,6642,6122,103.6,Y,5908,0.0,2025,2,2025-Q2,3.56,True,False,Aggregate contract counts by state/contract_type. No ANZSCO occupation code available at this level.
Victoria,Completions,2025.2,124,2024-12-01,6234.0,0.0,1st Revision,6066,6402,6122,101.8,Y,6043,0.0,2025,2,2025-Q2,1.83,True,False,Aggregate contract counts by state/contract_type. No ANZSCO occupation code available at this level.
Victoria,In-Training,2023.3,116,2023-03-01,81211.8,81510.0,Initial,78604,83819,80866,100.4,Y,84759,100.8,2023,3,2023-Q3,0.43,True,False,Aggregate contract counts by state/contract_type. No ANZSCO occupation code available at this level.
Victoria,In-Training,2023.3,117,2023-03-01,81288.0,0.0,1st Revision,80334,82242,80866,100.5,Y,83411,0.0,2023,3,2023-Q3,0.52,True,False,Aggregate contract counts by state/contract_type. No ANZSCO occupation code available at this level.
Victoria,In-Training,2023.4,117,2023-06-01,78970.0,0.0,Initial,76863,81077,78936,100.0,Y,82456,0.0,2023,4,2023-Q4,0.04,True,False,Aggregate contract counts by state/contract_type. No ANZSCO occupation code available at this level.
Victoria,In-Training,2023.4,118,2023-06-01,79482.0,0.0,1st Revision,78740,80224,78936,100.7,Y,81420,0.0,2023,4,2023-Q4,0.69,True,False,Aggregate contract counts by state/contract_type. No ANZSCO occupation code available at this level.
Victoria,In-Training,2024.1,118,2023-09-01,77144.0,0.0,Initial,75548,78740,76840,100.4,Y,80488,0.0,2024,1,2024-Q1,0.4,True,False,Aggregate contract counts by state/contract_type. No ANZSCO occupation code available at this level.
Victoria,In-Training,2024.1,119,2023-09-01,77785.0,0.0,1st Revision,77049,78521,76840,101.2,Y,79322,0.0,2024,1,2024-Q1,1.23,True,False,Aggregate contract counts by state/contract_type. No ANZSCO occupation code available at this level.
Victoria,In-Training,2024.2,119,2023-12-01,71921.0,0.0,Initial,70446,73396,71147,101.1,Y,74853,0.0,2024,2,2024-Q2,1.09,True,False,Aggregate contract counts by state/contract_type. No ANZSCO occupation code available at this level.
Victoria,In-Training,2024.2,120,2023-12-01,71884.0,0.0,1st Revision,71131,72637,71147,101.0,Y,73254,0.0,2024,2,2024-Q2,1.04,True,False,Aggregate contract counts by state/contract_type. No ANZSCO occupation code available at this level.
Western Australia,Cancellations/Withdrawals,2023.3,116,2023-03-01,4187.0,0.0,Initial,4024,4350,4168,100.5,Y,4168,0.0,2023,3,2023-Q3,0.46,True,False,Aggregate contract counts by state/contract_type. No ANZSCO occupation code available at this level.
Western Australia,Cancellations/Withdrawals,2023.3,117,2023-03-01,4180.0,0.0,1st Revision,4124,4236,4168,100.3,Y,4168,0.0,2023,3,2023-Q3,0.29,True,False,Aggregate contract counts by state/contract_type. No ANZSCO occupation code available at this level.
Western Australia,Cancellations/Withdrawals,2023.4,117,2023-06-01,3709.0,0.0,Initial,3563,3855,3693,100.4,Y,3694,0.0,2023,4,2023-Q4,0.43,True,False,Aggregate contract counts by state/contract_type. No ANZSCO occupation code available at this level.
Western Australia,Cancellations/Withdrawals,2023.4,118,2023-06-01,3700.0,0.0,1st Revision,3652,3748,3693,100.2,Y,3693,0.0,2023,4,2023-Q4,0.19,True,False,Aggregate contract counts by state/contract_type. No ANZSCO occupation code available at this level.
Western Australia,Cancellations/Withdrawals,2024.1,118,2023-09-01,3397.0,0.0,Initial,3263,3531,3386,100.3,Y,3386,0.0,2024,1,2024-Q1,0.32,True,False,Aggregate contract counts by state/contract_type. No ANZSCO occupation code available at this level.
Western Australia,Cancellations/Withdrawals,2024.1,119,2023-09-01,3392.0,0.0,1st Revision,3348,3436,3386,100.2,Y,3386,0.0,2024,1,2024-Q1,0.18,True,False,Aggregate contract counts by state/contract_type. No ANZSCO occupation code available at this level.
Western Australia,Cancellations/Withdrawals,2024.2,119,2023-12-01,2871.0,0.0,Initial,2834,2908,2871,100.0,Y,2871,0.0,2024,2,2024-Q2,0.0,True,False,Aggregate contract counts by state/contract_type. No ANZSCO occupation code available at this level.
Western Australia,Cancellations/Withdrawals,2024.2,120,2023-12-01,2876.0,0.0,1st Revision,2838,2914,2871,100.2,Y,2871,0.0,2024,2,2024-Q2,0.17,True,False,Aggregate contract counts by state/contract_type. No ANZSCO occupation code available at this level.
Western Australia,Commencements,2024.3,120,2024-03-01,6639.0,0.0,Initial,6432,6846,6641,100.0,Y,6639,0.0,2024,3,2024-Q3,0.03,True,False,Aggregate contract counts by state/contract_type. No ANZSCO occupation code available at this level.
Western Australia,Commencements,2024.3,121,2024-03-01,6640.0,0.0,1st Revision,6508,6772,6641,100.0,Y,6640,0.0,2024,3,2024-Q3,0.02,True,False,Aggregate contract counts by state/contract_type. No ANZSCO occupation code available at this level.
Western Australia,Commencements,2024.4,121,2024-06-01,5470.0,0.0,Initial,5296,5644,5476,99.9,Y,5470,0.0,2024,4,2024-Q4,0.11,True,False,Aggregate contract counts by state/contract_type. No ANZSCO occupation code available at this level.
Western Australia,Commencements,2024.4,122,2024-06-01,5474.0,0.0,1st Revision,5368,5580,5476,100.0,Y,5474,0.0,2024,4,2024-Q4,0.04,True,False,Aggregate contract counts by state/contract_type. No ANZSCO occupation code available at this level.
Western Australia,Commencements,2025.1,122,2024-09-01,3089.0,0.0,Initial,2991,3187,3089,100.0,Y,3089,0.0,2025,1,2025-Q1,0.0,True,False,Aggregate contract counts by state/contract_type. No ANZSCO occupation code available at this level.
Western Australia,Commencements,2025.1,123,2024-09-01,3089.0,0.0,1st Revision,3019,3159,3089,100.0,Y,3089,0.0,2025,1,2025-Q1,0.0,True,False,Aggregate contract counts by state/contract_type. No ANZSCO occupation code available at this level.
Western Australia,Commencements,2025.2,123,2024-12-01,3483.0,0.0,Initial,3379,3587,3484,100.0,Y,3483,0.0,2025,2,2025-Q2,0.03,True,False,Aggregate contract counts by state/contract_type. No ANZSCO occupation code available at this level.
Western Australia,Commencements,2025.2,124,2024-12-01,3428.0,3484.0,1st Revision,3334,3522,3484,98.4,Y,3484,100.0,2025,2,2025-Q2,1.61,True,False,Aggregate contract counts by state/contract_type. No ANZSCO occupation code available at this level.
Western Australia,Completions,2024.3,120,2024-03-01,2672.0,0.0,Initial,2646,2698,2667,100.2,Y,2648,0.0,2024,3,2024-Q3,0.19,True,False,Aggregate contract counts by state/contract_type. No ANZSCO occupation code available at this level.
Western Australia,Completions,2024.3,121,2024-03-01,2668.0,0.0,1st Revision,2658,2678,2667,100.0,Y,2660,0.0,2024,3,2024-Q3,0.04,True,False,Aggregate contract counts by state/contract_type. No ANZSCO occupation code available at this level.
Western Australia,Completions,2024.4,121,2024-06-01,2490.0,0.0,Initial,2464,2516,2486,100.2,Y,2468,0.0,2024,4,2024-Q4,0.16,True,False,Aggregate contract counts by state/contract_type. No ANZSCO occupation code available at this level.
Western Australia,Completions,2024.4,122,2024-06-01,2491.0,0.0,1st Revision,2481,2501,2486,100.2,Y,2483,0.0,2024,4,2024-Q4,0.2,True,False,Aggregate contract counts by state/contract_type. No ANZSCO occupation code available at this level.
Western Australia,Completions,2025.1,122,2024-09-01,2895.0,0.0,Initial,2866,2924,2876,100.7,Y,2871,0.0,2025,1,2025-Q1,0.66,True,False,Aggregate contract counts by state/contract_type. No ANZSCO occupation code available at this level.
Western Australia,Completions,2025.1,123,2024-09-01,2890.0,0.0,1st Revision,2878,2902,2876,100.5,Y,2881,0.0,2025,1,2025-Q1,0.49,True,False,Aggregate contract counts by state/contract_type. No ANZSCO occupation code available at this level.
Western Australia,Completions,2025.2,123,2024-12-01,3428.0,0.0,Initial,3395,3461,3430,99.9,Y,3403,0.0,2025,2,2025-Q2,0.06,True,False,Aggregate contract counts by state/contract_type. No ANZSCO occupation code available at this level.
Western Australia,Completions,2025.2,124,2024-12-01,3433.0,0.0,1st Revision,3419,3447,3430,100.1,Y,3423,0.0,2025,2,2025-Q2,0.09,True,False,Aggregate contract counts by state/contract_type. No ANZSCO occupation code available at this level.
Western Australia,In-Training,2023.3,116,2023-03-01,45369.0,0.0,Initial,45105,45633,45090,100.6,N,45115,0.0,2023,3,2023-Q3,0.62,True,False,Aggregate contract counts by state/contract_type. No ANZSCO occupation code available at this level.
Western Australia,In-Training,2023.3,117,2023-03-01,45282.0,0.0,1st Revision,45116,45448,45090,100.4,N,45098,0.0,2023,3,2023-Q3,0.43,True,False,Aggregate contract counts by state/contract_type. No ANZSCO occupation code available at this level.
Western Australia,In-Training,2023.4,117,2023-06-01,44704.0,0.0,Initial,44460,44948,44426,100.6,N,44439,0.0,2023,4,2023-Q4,0.63,True,False,Aggregate contract counts by state/contract_type. No ANZSCO occupation code available at this level.
Western Australia,In-Training,2023.4,118,2023-06-01,44662.0,0.0,1st Revision,44480,44844,44426,100.5,N,44435,0.0,2023,4,2023-Q4,0.53,True,False,Aggregate contract counts by state/contract_type. No ANZSCO occupation code available at this level.
Western Australia,In-Training,2024.1,118,2023-09-01,43199.0,0.0,Initial,42949,43449,42897,100.7,N,42930,0.0,2024,1,2024-Q1,0.7,True,False,Aggregate contract counts by state/contract_type. No ANZSCO occupation code available at this level.
Western Australia,In-Training,2024.1,119,2023-09-01,43100.0,0.0,1st Revision,42971,43229,42897,100.5,N,42916,0.0,2024,1,2024-Q1,0.47,True,False,Aggregate contract counts by state/contract_type. No ANZSCO occupation code available at this level.
Western Australia,In-Training,2024.2,119,2023-12-01,41177.0,0.0,Initial,41011,41343,40950,100.6,N,40984,0.0,2024,2,2024-Q2,0.55,True,False,Aggregate contract counts by state/contract_type. No ANZSCO occupation code available at this level.
Western Australia,In-Training,2024.2,120,2023-12-01,41067.0,0.0,1st Revision,40903,41231,40950,100.3,N,40969,0.0,2024,2,2024-Q2,0.29,True,False,Aggregate contract counts by state/contract_type. No ANZSCO occupation code available at this level.
