jurisdiction,aqf_level,pct_jurisdiction_total,pct_employed_prior,pct_employed_post,pptchange_employment,pct_employed_tot_prior,pct_employed_tot_post,pctpt_change_in_tot_employment,pct_employed_pt_prior,pct_employed_pt_post,pctpt_change_in_pt_employment,pct_employed_ft_prior,pct_employed_ft_post,pctpt_change_in_ft_employment,median_income,median_income_change,median_income_total,median_income_total_change,total_ft_median_income,total_ft_median_income_change,income_support_exit_rate,pct_higher_vet_progression,pct_any_vet_progression,pct_female,pct_disability,pct_apprentice_trainees,pct_first_nations,pct_no_yr12_no_cert_iii,pct_government_funded,median_completion_age_yrs,median_completion_time_days,pct_remote,pct_regional,pct_major_city,source_sheet,suppressed_value_count,has_suppressed_values,median_income_outlier_flag,median_income_change_outlier_flag,median_income_total_outlier_flag,median_income_total_change_outlier_flag,total_ft_median_income_outlier_flag,total_ft_median_income_change_outlier_flag
Nsw,Certificate I,6.0,47.0,61.0,14.0,53.0,68.0,15.0,12.0,22.0,10.0,41.0,46.0,5.0,36500.0,2400.0,36600.0,1900.0,64200.0,1300.0,24,35.0,38.0,42.0,9.0,0.0,6.0,74.0,45.0,38.0,73.0,1.0,26.0,73.0,aqf,0,False,False,False,False,False,False,False
Vic,Certificate I,2.0,25.0,46.0,21.0,26.0,47.0,21.0,11.0,28.0,17.0,15.0,19.0,4.0,9400.0,2400.0,9900.0,2700.0,10300.0,5200.0,10,54.0,64.0,54.0,46.0,0.0,3.0,60.0,74.0,21.0,289.0,0.0,19.0,81.0,aqf,0,False,False,False,False,False,False,False
Qld,Certificate I,2.0,49.0,81.0,32.0,51.0,82.0,31.0,20.0,31.0,11.0,30.0,51.0,21.0,29600.0,13400.0,30200.0,13800.0,41700.0,13400.0,43,45.0,48.0,34.0,16.0,60.0,21.0,48.0,78.0,23.0,123.0,3.0,40.0,57.0,aqf,0,False,False,False,False,False,False,False
Sa,Certificate I,2.0,19.0,68.0,49.0,21.0,68.0,47.0,8.0,38.0,30.0,13.0,29.0,16.0,14700.0,9700.0,14900.0,10000.0,18400.0,7100.0,46,49.0,53.0,51.0,11.0,0.0,8.0,79.0,38.0,17.0,88.0,3.0,12.0,85.0,aqf,0,False,False,False,False,False,False,False
Wa,Certificate I,2.0,33.0,64.0,31.0,34.0,66.0,32.0,16.0,33.0,17.0,18.0,32.0,14.0,12700.0,3500.0,12900.0,4500.0,25200.0,5100.0,16,55.0,62.0,53.0,28.0,1.0,16.0,77.0,78.0,22.0,136.0,11.0,19.0,69.0,aqf,0,False,False,False,False,False,False,False
Tas,Certificate I,3.0,62.0,77.0,15.0,63.0,77.0,14.0,13.0,20.0,7.0,47.0,57.0,10.0,47900.0,11400.0,47500.0,9000.0,65400.0,9100.0,35,47.0,51.0,30.0,20.0,6.0,7.0,40.0,91.0,29.0,108.0,4.0,93.0,3.0,aqf,0,False,False,False,False,False,False,False
Nt,Certificate I,5.0,60.0,68.0,8.0,59.0,68.0,9.0,16.0,23.0,7.0,45.0,46.0,1.0,31200.0,6800.0,31200.0,6800.0,54100.0,5600.0,23,30.0,33.0,27.0,8.0,0.0,70.0,62.0,45.0,33.0,39.0,56.0,40.0,3.0,aqf,0,False,False,False,False,False,False,False
Act,Certificate I,3.0,57.0,79.0,22.0,59.0,81.0,22.0,19.0,26.0,7.0,38.0,52.0,14.0,33500.0,12400.0,35300.0,13300.0,62100.0,12000.0,61,36.0,39.0,41.0,7.0,0.0,4.0,57.0,10.0,23.0,19.0,0.0,3.0,97.0,aqf,0,False,False,False,False,False,False,False
National,Certificate I,3.0,44.0,64.0,20.0,47.0,68.0,21.0,13.0,25.0,12.0,34.0,43.0,9.0,27600.0,4600.0,28400.0,4100.0,51600.0,3200.0,25,41.0,45.0,43.0,16.0,10.0,10.0,67.0,56.0,32.0,123.0,3.0,28.0,69.0,aqf,0,False,False,False,False,False,False,False
Nsw,Certificate II,11.0,55.0,75.0,20.0,58.0,77.0,19.0,23.0,33.0,10.0,34.0,45.0,11.0,31500.0,8500.0,31700.0,8700.0,50600.0,7300.0,37,39.0,47.0,51.0,14.0,5.0,8.0,35.0,71.0,28.0,136.0,1.0,28.0,71.0,aqf,0,False,False,False,False,False,False,False
Vic,Certificate II,12.0,57.0,84.0,27.0,61.0,87.0,26.0,20.0,27.0,7.0,40.0,60.0,20.0,33300.0,13500.0,34400.0,13500.0,46400.0,12000.0,52,41.0,46.0,30.0,11.0,6.0,2.0,38.0,61.0,23.0,150.0,0.0,23.0,77.0,aqf,0,False,False,False,False,False,False,False
Qld,Certificate II,13.0,66.0,83.0,17.0,68.0,86.0,18.0,17.0,20.0,3.0,51.0,65.0,14.0,45300.0,10900.0,45800.0,11100.0,57100.0,9400.0,52,27.0,36.0,26.0,9.0,5.0,12.0,38.0,61.0,29.0,58.0,5.0,37.0,58.0,aqf,0,False,False,False,False,False,False,False
Sa,Certificate II,14.0,59.0,86.0,27.0,63.0,88.0,25.0,21.0,27.0,6.0,42.0,61.0,19.0,39300.0,10700.0,40400.0,11600.0,53700.0,10200.0,53,35.0,37.0,35.0,7.0,3.0,4.0,40.0,46.0,25.0,106.0,4.0,19.0,77.0,aqf,0,False,False,False,False,False,False,False
Wa,Certificate II,19.0,62.0,88.0,26.0,64.0,89.0,25.0,18.0,22.0,4.0,46.0,67.0,21.0,45100.0,20700.0,45600.0,20800.0,61000.0,21300.0,58,37.0,44.0,30.0,7.0,8.0,8.0,53.0,58.0,24.0,136.0,6.0,17.0,77.0,aqf,0,False,False,False,False,False,False,False
Tas,Certificate II,13.0,68.0,88.0,20.0,70.0,90.0,20.0,27.0,29.0,2.0,43.0,60.0,17.0,40800.0,14300.0,41500.0,14800.0,52500.0,13900.0,49,36.0,40.0,39.0,17.0,14.0,6.0,36.0,79.0,27.0,157.0,2.0,94.0,4.0,aqf,0,False,False,False,False,False,False,False
Nt,Certificate II,17.0,72.0,89.0,17.0,75.0,91.0,16.0,23.0,16.0,-7.0,52.0,74.0,22.0,55200.0,16100.0,55500.0,17700.0,64300.0,15100.0,43,27.0,36.0,29.0,4.0,12.0,38.0,36.0,49.0,30.0,88.0,31.0,61.0,7.0,aqf,0,False,False,False,False,False,False,False
Act,Certificate II,10.0,68.0,85.0,17.0,70.0,88.0,18.0,27.0,27.0,0.0,43.0,61.0,18.0,44400.0,12900.0,44600.0,13000.0,61400.0,9600.0,48,33.0,35.0,42.0,13.0,6.0,4.0,31.0,43.0,27.0,115.0,0.0,2.0,98.0,aqf,0,False,False,False,False,False,False,False
National,Certificate II,13.0,60.0,82.0,22.0,63.0,85.0,22.0,20.0,26.0,6.0,43.0,58.0,15.0,38600.0,12400.0,39200.0,12600.0,53400.0,11600.0,47,35.0,43.0,36.0,11.0,6.0,8.0,40.0,62.0,26.0,123.0,3.0,28.0,69.0,aqf,0,False,False,False,False,False,False,False
Nsw,Certificate III,43.0,67.0,86.0,19.0,70.0,89.0,19.0,29.0,29.0,0.0,41.0,60.0,19.0,47400.0,17200.0,47500.0,17100.0,60000.0,16600.0,40,22.0,32.0,51.0,10.0,33.0,6.0,28.0,74.0,28.0,317.0,0.0,28.0,72.0,aqf,0,False,False,False,False,False,False,False
Vic,Certificate III,37.0,65.0,89.0,24.0,67.0,91.0,24.0,28.0,31.0,3.0,39.0,60.0,21.0,44300.0,20200.0,45100.0,20700.0,59500.0,21300.0,46,19.0,28.0,49.0,8.0,35.0,2.0,38.0,65.0,25.0,386.0,0.0,28.0,72.0,aqf,0,False,False,False,False,False,False,False
Qld,Certificate III,48.0,74.0,90.0,16.0,77.0,93.0,16.0,29.0,29.0,0.0,48.0,64.0,16.0,50500.0,15300.0,51100.0,15700.0,63000.0,15000.0,50,14.0,26.0,49.0,8.0,26.0,5.0,28.0,76.0,30.0,271.0,2.0,35.0,63.0,aqf,0,False,False,False,False,False,False,False
Sa,Certificate III,50.0,66.0,89.0,23.0,68.0,91.0,23.0,29.0,31.0,2.0,39.0,60.0,21.0,47900.0,19400.0,48400.0,20000.0,61100.0,19000.0,41,13.0,21.0,51.0,9.0,29.0,3.0,36.0,63.0,27.0,311.0,3.0,21.0,76.0,aqf,0,False,False,False,False,False,False,False
Wa,Certificate III,41.0,69.0,91.0,22.0,71.0,93.0,22.0,29.0,31.0,2.0,42.0,62.0,20.0,50100.0,22200.0,50500.0,22500.0,68400.0,25500.0,53,19.0,29.0,54.0,7.0,27.0,5.0,40.0,72.0,29.0,263.0,5.0,17.0,78.0,aqf,0,False,False,False,False,False,False,False
Tas,Certificate III,50.0,76.0,91.0,15.0,79.0,93.0,14.0,34.0,27.0,-7.0,44.0,67.0,23.0,52100.0,21800.0,52600.0,21800.0,62400.0,20000.0,39,15.0,24.0,50.0,10.0,43.0,6.0,37.0,78.0,27.0,389.0,2.0,95.0,4.0,aqf,0,False,False,False,False,False,False,False
Nt,Certificate III,37.0,84.0,95.0,11.0,85.0,95.0,10.0,23.0,17.0,-6.0,62.0,78.0,16.0,68400.0,20100.0,68700.0,20400.0,79300.0,17300.0,54,14.0,24.0,40.0,5.0,36.0,18.0,29.0,67.0,31.0,370.0,26.0,67.0,6.0,aqf,0,False,False,False,False,False,False,False
Act,Certificate III,30.0,74.0,92.0,18.0,75.0,93.0,18.0,31.0,27.0,-4.0,44.0,67.0,23.0,53500.0,21000.0,53500.0,20700.0,67900.0,16900.0,48,25.0,33.0,48.0,10.0,40.0,4.0,19.0,77.0,27.0,463.0,0.0,4.0,96.0,aqf,0,False,False,False,False,False,False,False
National,Certificate III,43.0,69.0,89.0,20.0,72.0,91.0,19.0,29.0,30.0,1.0,43.0,62.0,19.0,48300.0,18200.0,48700.0,18400.0,61800.0,18000.0,46,18.0,28.0,50.0,9.0,31.0,5.0,32.0,72.0,28.0,318.0,2.0,29.0,69.0,aqf,0,False,False,False,False,False,False,False
Nsw,Certificate IV,25.0,82.0,89.0,7.0,85.0,93.0,8.0,25.0,23.0,-2.0,60.0,70.0,10.0,61600.0,10400.0,61200.0,10600.0,74200.0,9600.0,55,13.0,29.0,54.0,6.0,5.0,4.0,14.0,53.0,34.0,292.0,0.0,21.0,78.0,aqf,0,False,False,False,False,False,False,False
Vic,Certificate IV,29.0,80.0,89.0,9.0,83.0,93.0,10.0,28.0,26.0,-2.0,56.0,66.0,10.0,57100.0,10800.0,57300.0,11000.0,72600.0,10000.0,58,13.0,23.0,57.0,5.0,4.0,1.0,14.0,59.0,35.0,314.0,0.0,22.0,78.0,aqf,0,False,False,False,False,False,False,False
Qld,Certificate IV,21.0,88.0,92.0,4.0,91.0,95.0,4.0,26.0,23.0,-3.0,64.0,72.0,8.0,64300.0,8200.0,64200.0,8800.0,78800.0,8400.0,61,8.0,23.0,54.0,4.0,2.0,3.0,16.0,37.0,37.0,235.0,3.0,33.0,65.0,aqf,0,False,False,False,False,False,False,False
Sa,Certificate IV,21.0,85.0,92.0,7.0,88.0,94.0,6.0,25.0,21.0,-4.0,63.0,74.0,11.0,67300.0,10100.0,67200.0,10600.0,78400.0,8700.0,58,12.0,24.0,54.0,4.0,4.0,2.0,12.0,43.0,36.0,308.0,2.0,17.0,81.0,aqf,0,False,False,False,False,False,False,False
Wa,Certificate IV,24.0,81.0,93.0,12.0,83.0,94.0,11.0,27.0,27.0,0.0,56.0,68.0,12.0,60800.0,13100.0,60900.0,13200.0,83800.0,11600.0,60,13.0,29.0,57.0,5.0,4.0,3.0,24.0,49.0,34.0,245.0,5.0,15.0,80.0,aqf,0,False,False,False,False,False,False,False
Tas,Certificate IV,23.0,88.0,92.0,4.0,91.0,95.0,4.0,23.0,18.0,-5.0,68.0,78.0,10.0,67400.0,9600.0,67100.0,9700.0,75200.0,8200.0,55,13.0,26.0,48.0,6.0,28.0,4.0,17.0,57.0,34.0,307.0,3.0,93.0,4.0,aqf,0,False,False,False,False,False,False,False
Nt,Certificate IV,26.0,91.0,94.0,3.0,93.0,96.0,3.0,18.0,14.0,-4.0,74.0,83.0,9.0,83500.0,12700.0,83500.0,12600.0,90300.0,11500.0,58,10.0,25.0,52.0,4.0,9.0,12.0,12.0,37.0,37.0,305.0,26.0,69.0,5.0,aqf,0,False,False,False,False,False,False,False
Act,Certificate IV,32.0,89.0,95.0,6.0,90.0,97.0,7.0,21.0,14.0,-7.0,69.0,83.0,14.0,79900.0,11200.0,79800.0,11100.0,86100.0,9300.0,64,11.0,22.0,52.0,5.0,13.0,2.0,9.0,41.0,35.0,296.0,0.0,3.0,97.0,aqf,0,False,False,False,False,False,False,False
National,Certificate IV,25.0,83.0,90.0,7.0,86.0,94.0,8.0,26.0,24.0,-2.0,60.0,70.0,10.0,62000.0,10300.0,61800.0,10600.0,76300.0,9500.0,58,12.0,26.0,55.0,5.0,4.0,3.0,15.0,50.0,35.0,292.0,2.0,24.0,74.0,aqf,0,False,False,False,False,False,False,False
Nsw,Diploma,14.0,79.0,89.0,10.0,82.0,92.0,10.0,31.0,27.0,-4.0,51.0,65.0,14.0,56400.0,13800.0,56000.0,14000.0,71500.0,11600.0,50,4.0,23.0,64.0,7.0,6.0,4.0,11.0,54.0,32.0,362.0,0.0,18.0,82.0,aqf,0,False,False,False,False,False,False,False
Vic,Diploma,18.0,76.0,89.0,13.0,79.0,92.0,13.0,34.0,31.0,-3.0,46.0,61.0,15.0,51100.0,15200.0,51100.0,15200.0,65600.0,12000.0,56,5.0,18.0,64.0,6.0,2.0,2.0,12.0,68.0,31.0,442.0,0.0,20.0,80.0,aqf,0,False,False,False,False,False,False,False
Qld,Diploma,14.0,80.0,91.0,11.0,83.0,94.0,11.0,33.0,29.0,-4.0,50.0,65.0,15.0,53600.0,12700.0,53500.0,12800.0,66900.0,10000.0,56,3.0,19.0,66.0,5.0,3.0,4.0,16.0,45.0,32.0,404.0,1.0,26.0,73.0,aqf,0,False,False,False,False,False,False,False
Sa,Diploma,12.0,81.0,92.0,11.0,83.0,94.0,11.0,32.0,26.0,-6.0,52.0,68.0,16.0,57100.0,12600.0,57100.0,12700.0,71600.0,8500.0,60,4.0,17.0,65.0,5.0,3.0,2.0,9.0,48.0,33.0,485.0,3.0,17.0,80.0,aqf,0,False,False,False,False,False,False,False
Wa,Diploma,13.0,80.0,92.0,12.0,82.0,95.0,13.0,30.0,26.0,-4.0,52.0,68.0,16.0,56900.0,14500.0,56900.0,15000.0,73800.0,12100.0,60,7.0,24.0,59.0,5.0,3.0,3.0,26.0,51.0,31.0,342.0,4.0,12.0,84.0,aqf,0,False,False,False,False,False,False,False
Tas,Diploma,9.0,86.0,94.0,8.0,89.0,96.0,7.0,28.0,21.0,-7.0,62.0,75.0,13.0,67100.0,14800.0,67400.0,15400.0,76700.0,12700.0,67,5.0,22.0,61.0,5.0,20.0,5.0,22.0,46.0,33.0,483.0,1.0,93.0,6.0,aqf,0,False,False,False,False,False,False,False
Nt,Diploma,13.0,96.0,97.0,1.0,97.0,98.0,1.0,20.0,15.0,-5.0,76.0,84.0,8.0,87100.0,15500.0,87400.0,16100.0,95900.0,16100.0,,2.0,22.0,59.0,1.0,13.0,11.0,13.0,37.0,34.0,375.0,31.0,64.0,5.0,aqf,1,True,False,False,False,False,False,False
Act,Diploma,22.0,89.0,95.0,6.0,90.0,97.0,7.0,27.0,17.0,-10.0,63.0,80.0,17.0,79700.0,17600.0,79200.0,17500.0,86000.0,14300.0,64,5.0,18.0,63.0,7.0,32.0,6.0,7.0,61.0,33.0,365.0,0.0,4.0,96.0,aqf,0,False,False,False,False,False,False,False
National,Diploma,15.0,79.0,90.0,11.0,82.0,93.0,11.0,32.0,28.0,-4.0,50.0,65.0,15.0,55000.0,14100.0,54900.0,14200.0,69900.0,11300.0,55,4.0,20.0,64.0,6.0,5.0,3.0,14.0,55.0,32.0,388.0,1.0,21.0,78.0,aqf,0,False,False,False,False,False,False,False
Nsw,Advanced Diploma,1.0,77.0,85.0,8.0,82.0,89.0,7.0,23.0,24.0,1.0,58.0,65.0,7.0,62300.0,12700.0,61300.0,11900.0,84700.0,12200.0,65,2.0,31.0,42.0,5.0,1.0,1.0,17.0,30.0,33.0,318.0,0.0,15.0,85.0,aqf,0,False,False,False,False,False,False,False
Vic,Advanced Diploma,3.0,72.0,86.0,14.0,75.0,90.0,15.0,28.0,29.0,1.0,47.0,61.0,14.0,47400.0,14600.0,47500.0,14700.0,62500.0,13800.0,53,2.0,16.0,48.0,6.0,0.0,1.0,9.0,73.0,29.0,409.0,0.0,14.0,86.0,aqf,0,False,False,False,False,False,False,False
Qld,Advanced Diploma,1.0,86.0,91.0,5.0,89.0,93.0,4.0,18.0,13.0,-5.0,71.0,80.0,9.0,86300.0,11900.0,85200.0,11600.0,93600.0,9400.0,64,2.0,29.0,41.0,4.0,0.0,2.0,14.0,14.0,37.0,200.0,0.0,22.0,76.0,aqf,0,False,False,False,False,False,False,False
Sa,Advanced Diploma,1.0,78.0,87.0,9.0,81.0,88.0,7.0,26.0,22.0,-4.0,54.0,69.0,15.0,57100.0,17800.0,57400.0,18800.0,68900.0,15700.0,,6.0,17.0,50.0,9.0,0.0,2.0,4.0,46.0,29.0,389.0,2.0,14.0,84.0,aqf,1,True,False,False,False,False,False,False
Wa,Advanced Diploma,1.0,77.0,92.0,15.0,79.0,94.0,15.0,27.0,28.0,1.0,51.0,67.0,16.0,54300.0,16700.0,54500.0,16800.0,75100.0,15400.0,,1.0,20.0,47.0,4.0,0.0,2.0,21.0,55.0,30.0,317.0,2.0,10.0,88.0,aqf,1,True,False,False,False,False,False,False
Nt,Advanced Diploma,1.0,92.0,100.0,8.0,100.0,100.0,0.0,0.0,0.0,0.0,95.0,98.0,3.0,129000.0,7900.0,129300.0,9000.0,129900.0,6900.0,,0.0,28.0,33.0,0.0,0.0,8.0,20.0,16.0,43.0,184.0,25.0,64.0,11.0,aqf,1,True,False,False,False,False,False,False
Act,Advanced Diploma,2.0,78.0,91.0,13.0,78.0,92.0,14.0,28.0,20.0,-8.0,52.0,73.0,21.0,65600.0,11200.0,65400.0,13000.0,82800.0,8200.0,,0.0,23.0,55.0,8.0,0.0,0.0,21.0,35.0,30.0,369.0,0.0,7.0,90.0,aqf,1,True,False,False,False,False,False,False
National,Advanced Diploma,2.0,77.0,87.0,10.0,80.0,91.0,11.0,25.0,24.0,-1.0,56.0,67.0,11.0,58200.0,13900.0,57500.0,13800.0,76800.0,12200.0,56,2.0,23.0,45.0,5.0,0.0,1.0,14.0,47.0,32.0,334.0,1.0,16.0,83.0,aqf,0,False,False,False,False,False,False,False
Nsw,Graduate Certificate/Diploma,0.0,86.0,90.0,4.0,89.0,95.0,6.0,39.0,17.0,-22.0,49.0,77.0,28.0,79700.0,27400.0,80200.0,28100.0,84900.0,16000.0,,1.0,14.0,61.0,1.0,0.0,2.0,13.0,0.0,33.0,370.0,0.0,16.0,84.0,aqf,1,True,False,False,False,False,False,False
Vic,Graduate Certificate/Diploma,1.0,90.0,96.0,6.0,91.0,98.0,7.0,35.0,11.0,-24.0,56.0,87.0,31.0,85100.0,20100.0,85100.0,20500.0,88400.0,10500.0,,0.0,11.0,65.0,1.0,0.0,1.0,12.0,5.0,37.0,363.0,0.0,21.0,78.0,aqf,1,True,False,False,False,False,False,False
Qld,Graduate Certificate/Diploma,0.0,87.0,98.0,11.0,90.0,98.0,8.0,32.0,11.0,-21.0,61.0,86.0,25.0,88500.0,15900.0,89300.0,17500.0,92600.0,8600.0,,0.0,20.0,54.0,0.0,0.0,0.0,7.0,0.0,37.0,327.0,2.0,24.0,71.0,aqf,1,True,False,False,False,False,False,False
Sa,Graduate Certificate/Diploma,0.0,79.0,95.0,16.0,79.0,95.0,16.0,30.0,5.0,-25.0,49.0,92.0,43.0,82600.0,23500.0,82600.0,23100.0,85700.0,6900.0,,0.0,0.0,68.0,0.0,0.0,0.0,13.0,0.0,34.0,384.0,0.0,19.0,79.0,aqf,1,True,False,False,False,False,False,False
Wa,Graduate Certificate/Diploma,0.0,85.0,96.0,11.0,88.0,98.0,10.0,51.0,18.0,-33.0,33.0,81.0,48.0,89200.0,55100.0,88800.0,55700.0,90000.0,9800.0,,0.0,8.0,68.0,0.0,0.0,0.0,10.0,0.0,28.0,389.0,3.0,11.0,84.0,aqf,1,True,False,True,False,True,False,False
Tas,Graduate Certificate/Diploma,1.0,89.0,95.0,6.0,89.0,100.0,11.0,46.0,0.0,-46.0,43.0,87.0,44.0,87900.0,57900.0,87200.0,58000.0,86800.0,0.0,,0.0,0.0,62.0,0.0,0.0,0.0,0.0,0.0,28.0,377.0,0.0,89.0,0.0,aqf,1,True,False,True,False,True,False,False
Act,Graduate Certificate/Diploma,1.0,95.0,100.0,5.0,97.0,100.0,3.0,21.0,12.0,-9.0,77.0,95.0,18.0,103500.0,27600.0,103400.0,27100.0,104000.0,26900.0,,0.0,0.0,43.0,0.0,0.0,0.0,8.0,0.0,35.0,342.0,0.0,0.0,100.0,aqf,1,True,False,False,False,False,False,False
National,Graduate Certificate/Diploma,1.0,88.0,95.0,7.0,89.0,96.0,7.0,37.0,13.0,-24.0,53.0,84.0,31.0,85200.0,25100.0,85300.0,25400.0,88800.0,11500.0,74,0.0,12.0,62.0,1.0,0.0,2.0,10.0,2.0,34.0,365.0,1.0,21.0,77.0,aqf,0,False,False,False,False,False,False,False
