unit_group,driver_2024,driver_2025,source_table,source_tables,source_table_count,source_type,source_id,ivi_ue_ratio,employment_growth_5yr,in_shortage_2025_flag,new_shortage_2025_flag,no_longer_shortage_2025_flag,driver_2024_source_mismatch_flag,driver_2025_source_mismatch_flag,source_status_conflict_flag,shortage_driver,driver_conflict,ivi_ue_ratio_negative_flag,employment_growth_extreme_flag,anzsco_join_note
Aged And Disabled Carers,,Retention Gap,Figure C1,Figure C1 | Table 4,2,Figure,C1,0.05,2.95,True,False,False,False,False,False,Retention Gap,False,False,False,OSD unit group level — no 6-digit ANZSCO mapping
"Agricultural, Agritech And Aquaculture Technicians",,Retention Gap,Figure C1,Figure C1 | Table 5,2,Figure,C1,1.4,-0.09,True,False,False,False,False,False,Retention Gap,False,False,False,OSD unit group level — no 6-digit ANZSCO mapping
"Agricultural, Forestry And Horticultural Plant Operators",,Retention Gap,Figure C1,Figure C1,1,Figure,C1,-1.47,-0.44,True,False,False,False,False,False,Retention Gap,False,True,False,OSD unit group level — no 6-digit ANZSCO mapping
Airconditioning And Refrigeration Mechanics,,Long Training Gap,Figure C1,Figure C1 | Table 5,2,Figure,C1,0.31,-0.7,True,False,False,False,False,False,Long Training Gap,False,False,False,OSD unit group level — no 6-digit ANZSCO mapping
Aircraft Maintenance Engineers,,Short Training Gap,Figure C1,Figure C1,1,Figure,C1,-0.2,-0.81,True,False,False,False,False,False,Short Training Gap,False,True,False,OSD unit group level — no 6-digit ANZSCO mapping
Arboriculture Workers,Uncertain,Retention Gap,Figure C1,Figure C1 | Table 3,2,Figure,C1,0.0,0.0,True,False,False,False,False,False,Retention Gap,True,False,False,OSD unit group level — no 6-digit ANZSCO mapping
Audiologists And Speech Pathologists / Therapists,,Long Training Gap,Figure C1,Figure C1 | Table 4,2,Figure,C1,2.41,3.8,True,False,False,False,False,False,Long Training Gap,False,False,False,OSD unit group level — no 6-digit ANZSCO mapping
Automotive Electricians,,Long Training Gap,Figure C1,Figure C1 | Table 4,2,Figure,C1,1.16,1.51,True,False,False,False,False,False,Long Training Gap,False,False,False,OSD unit group level — no 6-digit ANZSCO mapping
Bakers And Pastrycooks,,Retention Gap,Figure C1,Figure C1 | Table 5,2,Figure,C1,0.24,-0.5,True,False,False,False,False,False,Retention Gap,False,False,False,OSD unit group level — no 6-digit ANZSCO mapping
Beauty Therapists,,Retention Gap,Figure C1,Figure C1,1,Figure,C1,-0.32,-0.2,True,False,False,False,False,False,Retention Gap,False,True,False,OSD unit group level — no 6-digit ANZSCO mapping
Boat Builders And Shipwrights,,Retention Gap,Figure C1,Figure C1,1,Figure,C1,-0.59,-2.11,True,False,False,False,False,False,Retention Gap,False,True,False,OSD unit group level — no 6-digit ANZSCO mapping
Bricklayers And Stonemasons,,Retention Gap,Figure C1,Figure C1,1,Figure,C1,-1.0,-0.73,True,False,False,False,False,False,Retention Gap,False,True,False,OSD unit group level — no 6-digit ANZSCO mapping
Bus And Coach Drivers,,Short Training Gap,Figure C1,Figure C1 | Table B2,2,Figure,C1,-0.43,-1.16,True,True,False,False,False,False,Short Training Gap,False,True,False,OSD unit group level — no 6-digit ANZSCO mapping
Cabinet And Furniture Makers,,Long Training Gap,Figure C1,Figure C1 | Table 4,2,Figure,C1,0.05,0.22,True,False,False,False,False,False,Long Training Gap,False,False,False,OSD unit group level — no 6-digit ANZSCO mapping
Carpenters And Joiners,,Retention Gap,Figure C1,Figure C1,1,Figure,C1,-0.37,0.02,True,False,False,False,False,False,Retention Gap,False,True,False,OSD unit group level — no 6-digit ANZSCO mapping
Cooks,,Retention Gap,Figure C1,Figure C1 | Table 5,2,Figure,C1,0.65,-0.63,True,False,False,False,False,False,Retention Gap,False,False,False,OSD unit group level — no 6-digit ANZSCO mapping
"Dental Hygienists, Technicians And Therapists",,Long Training Gap,Figure C1,Figure C1 | Table 5,2,Figure,C1,2.13,-0.68,True,False,False,False,False,False,Long Training Gap,False,False,False,OSD unit group level — no 6-digit ANZSCO mapping
Dental Practitioners,,Long Training Gap,Figure C1,Figure C1 | Table 4,2,Figure,C1,2.09,1.56,True,False,False,False,False,False,Long Training Gap,False,False,False,OSD unit group level — no 6-digit ANZSCO mapping
Early Childhood (Pre-Primary School) Teachers,,Long Training Gap,Figure C1,Figure C1 | Table 4,2,Figure,C1,0.97,2.22,True,False,False,False,False,False,Long Training Gap,False,False,False,OSD unit group level — no 6-digit ANZSCO mapping
Electrical Distribution Trades Workers,,Long Training Gap,Figure C1,Figure C1 | Table 4,2,Figure,C1,0.82,0.54,True,False,False,False,False,False,Long Training Gap,False,False,False,OSD unit group level — no 6-digit ANZSCO mapping
Floor Finishers,,Retention Gap,Figure C1,Figure C1,1,Figure,C1,-1.58,-0.17,True,False,False,False,False,False,Retention Gap,False,True,False,OSD unit group level — no 6-digit ANZSCO mapping
"Gallery, Museum And Tour Guides",,Retention Gap,Figure C1,Figure C1,1,Figure,C1,-1.54,-1.12,True,False,False,False,False,False,Retention Gap,False,True,False,OSD unit group level — no 6-digit ANZSCO mapping
Glaziers,,Long Training Gap,Figure C1,Figure C1,1,Figure,C1,-0.22,-1.45,True,False,False,False,False,False,Long Training Gap,False,True,False,OSD unit group level — no 6-digit ANZSCO mapping
Hairdressers,,Retention Gap,Figure C1,Figure C1,1,Figure,C1,-0.05,-0.65,True,False,False,False,False,False,Retention Gap,False,True,False,OSD unit group level — no 6-digit ANZSCO mapping
Indigenous Health Workers,,Retention Gap,Figure C1,Figure C1,1,Figure,C1,0.0,-1.13,True,False,False,False,False,False,Retention Gap,False,False,False,OSD unit group level — no 6-digit ANZSCO mapping
Landscape Gardeners And Irrigation Technicians,,Retention Gap,Figure C1,Figure C1,1,Figure,C1,0.0,0.0,True,False,False,False,False,False,Retention Gap,False,False,False,OSD unit group level — no 6-digit ANZSCO mapping
Medical Imaging Professionals,,Long Training Gap,Figure C1,Figure C1 | Table 4,2,Figure,C1,1.64,0.57,True,False,False,False,False,False,Long Training Gap,False,False,False,OSD unit group level — no 6-digit ANZSCO mapping
"Metal Casting, Forging And Finishing Trades Workers",,Retention Gap,Figure C1,Figure C1,1,Figure,C1,-0.57,-1.41,True,False,False,False,False,False,Retention Gap,False,True,False,OSD unit group level — no 6-digit ANZSCO mapping
Metal Fitters And Machinists,,Long Training Gap,Figure C1,Figure C1 | Table 5,2,Figure,C1,0.9,-0.19,True,False,False,False,False,False,Long Training Gap,False,False,False,OSD unit group level — no 6-digit ANZSCO mapping
Middle School Teachers / Intermediate School Teachers,,Long Training Gap,Figure C1,Figure C1,1,Figure,C1,-0.88,-0.84,True,False,False,False,False,False,Long Training Gap,False,True,False,OSD unit group level — no 6-digit ANZSCO mapping
Midwives,,Long Training Gap,Figure C1,Figure C1 | Table 5,2,Figure,C1,1.04,-0.3,True,False,False,False,False,False,Long Training Gap,False,False,False,OSD unit group level — no 6-digit ANZSCO mapping
Motor Mechanics,,Long Training Gap,Figure C1,Figure C1 | Table 5,2,Figure,C1,1.13,-0.33,True,False,False,False,False,False,Long Training Gap,False,False,False,OSD unit group level — no 6-digit ANZSCO mapping
Occupational Therapists,,Long Training Gap,Figure C1,Figure C1 | Table 4,2,Figure,C1,3.3,1.51,True,False,False,False,False,False,Long Training Gap,False,False,False,OSD unit group level — no 6-digit ANZSCO mapping
Other Medical Practitioners,,Long Training Gap,Figure C1,Figure C1 | Table 4,2,Figure,C1,1.1,0.44,True,False,False,False,False,False,Long Training Gap,False,False,False,OSD unit group level — no 6-digit ANZSCO mapping
Painters,,Retention Gap,Figure C1,Figure C1,1,Figure,C1,-0.33,-0.42,True,False,False,False,False,False,Retention Gap,False,True,False,OSD unit group level — no 6-digit ANZSCO mapping
Panelbeaters,,Long Training Gap,Figure C1,Figure C1,1,Figure,C1,-0.1,-1.1,True,False,False,False,False,False,Long Training Gap,False,True,False,OSD unit group level — no 6-digit ANZSCO mapping
Paper And Wood Processing Machine Operators,,Retention Gap,Figure C1,Figure C1 | Table B2,2,Figure,C1,-0.93,-1.49,True,True,False,False,False,False,Retention Gap,False,True,False,OSD unit group level — no 6-digit ANZSCO mapping
Pharmacists,,Long Training Gap,Figure C1,Figure C1 | Table 4,2,Figure,C1,1.05,1.1,True,False,False,False,False,False,Long Training Gap,False,False,False,OSD unit group level — no 6-digit ANZSCO mapping
Physiotherapists,,Long Training Gap,Figure C1,Figure C1 | Table 4,2,Figure,C1,1.96,2.26,True,False,False,False,False,False,Long Training Gap,False,False,False,OSD unit group level — no 6-digit ANZSCO mapping
Plasterers And Renderers,,Retention Gap,Figure C1,Figure C1,1,Figure,C1,-1.75,-0.56,True,False,False,False,False,False,Retention Gap,False,True,False,OSD unit group level — no 6-digit ANZSCO mapping
Plumbers,,Long Training Gap,Figure C1,Figure C1 | Table 4,2,Figure,C1,0.61,0.06,True,False,False,False,False,False,Long Training Gap,False,False,False,OSD unit group level — no 6-digit ANZSCO mapping
Podiatrists,,Long Training Gap,Figure C1,Figure C1,1,Figure,C1,0.0,-0.07,True,False,False,False,False,False,Long Training Gap,False,False,False,OSD unit group level — no 6-digit ANZSCO mapping
Precision Metal Trades Workers,,Long Training Gap,Figure C1,Figure C1 | Table B2,2,Figure,C1,-0.36,-0.52,True,True,False,False,False,False,Long Training Gap,False,True,False,OSD unit group level — no 6-digit ANZSCO mapping
Psychiatrists,,Long Training Gap,Figure C1,Figure C1,1,Figure,C1,0.0,1.89,True,False,False,False,False,False,Long Training Gap,False,False,False,OSD unit group level — no 6-digit ANZSCO mapping
Psychologists,,Long Training Gap,Figure C1,Figure C1 | Table 4,2,Figure,C1,1.48,2.21,True,False,False,False,False,False,Long Training Gap,False,False,False,OSD unit group level — no 6-digit ANZSCO mapping
Roof Tilers,,Retention Gap,Figure C1,Figure C1,1,Figure,C1,-0.13,-0.32,True,False,False,False,False,False,Retention Gap,False,True,False,OSD unit group level — no 6-digit ANZSCO mapping
Secondary School Teachers,,Long Training Gap,Figure C1,Figure C1 | Table 5,2,Figure,C1,0.17,-0.3,True,False,False,False,False,False,Long Training Gap,False,False,False,OSD unit group level — no 6-digit ANZSCO mapping
Sheetmetal Workers,,Long Training Gap,Figure C1,Figure C1 | Table 5,2,Figure,C1,1.18,-0.61,True,False,False,False,False,False,Long Training Gap,False,False,False,OSD unit group level — no 6-digit ANZSCO mapping
Special Education Teachers,,Long Training Gap,Figure C1,Figure C1,1,Figure,C1,-0.17,0.39,True,False,False,False,False,False,Long Training Gap,False,True,False,OSD unit group level — no 6-digit ANZSCO mapping
Specialist Physicians,,Long Training Gap,Figure C1,Figure C1 | Table 4,2,Figure,C1,1.16,1.73,True,False,False,False,False,False,Long Training Gap,False,False,False,OSD unit group level — no 6-digit ANZSCO mapping
Structural Steel And Welding Trades Workers,,Long Training Gap,Figure C1,Figure C1 | Table 5,2,Figure,C1,0.39,-0.5,True,False,False,False,False,False,Long Training Gap,False,False,False,OSD unit group level — no 6-digit ANZSCO mapping
Surveyors And Spatial Scientists,,Long Training Gap,Figure C1,Figure C1 | Table 4,2,Figure,C1,0.76,0.45,True,False,False,False,False,False,Long Training Gap,False,False,False,OSD unit group level — no 6-digit ANZSCO mapping
Tourism And Travel Advisers,,Long Training Gap,Figure C1,Figure C1,1,Figure,C1,-0.49,-0.34,True,False,False,False,False,False,Long Training Gap,False,True,False,OSD unit group level — no 6-digit ANZSCO mapping
Vehicle Painters,,Long Training Gap,Figure C1,Figure C1,1,Figure,C1,-0.91,-0.88,True,False,False,False,False,False,Long Training Gap,False,True,False,OSD unit group level — no 6-digit ANZSCO mapping
Veterinarians,,Long Training Gap,Figure C1,Figure C1,1,Figure,C1,0.0,-0.02,True,False,False,False,False,False,Long Training Gap,False,False,False,OSD unit group level — no 6-digit ANZSCO mapping
Veterinary Nurses,,Long Training Gap,Figure C1,Figure C1,1,Figure,C1,-0.27,0.29,True,False,False,False,False,False,Long Training Gap,False,True,False,OSD unit group level — no 6-digit ANZSCO mapping
Wall And Floor Tilers,,Retention Gap,Figure C1,Figure C1,1,Figure,C1,-0.99,-0.11,True,False,False,False,False,False,Retention Gap,False,True,False,OSD unit group level — no 6-digit ANZSCO mapping
"Agricultural, Fisheries And Forestry Scientists",Suitability Gap,Uncertain,Table 3,Table 3,1,Table,3,,,True,False,False,False,False,False,Uncertain,True,False,False,OSD unit group level — no 6-digit ANZSCO mapping
Ambulance Officers And Paramedics,Long Training Gap,Uncertain,Table 3,Table 3,1,Table,3,,,True,False,False,False,False,False,Uncertain,True,False,False,OSD unit group level — no 6-digit ANZSCO mapping
"Drillers, Miners, And Shot Firers",Short Training Gap,Uncertain,Table 3,Table 3,1,Table,3,,,True,False,False,False,False,False,Uncertain,True,False,False,OSD unit group level — no 6-digit ANZSCO mapping
Earthmoving Plant Operators,Suitability Gap,Uncertain,Table 3,Table 3,1,Table,3,,,True,False,False,False,False,False,Uncertain,True,False,False,OSD unit group level — no 6-digit ANZSCO mapping
Electricians,Uncertain,Suitability Gap,Table 3,Table 3,1,Table,3,,,True,False,False,False,False,False,Suitability Gap,True,False,False,OSD unit group level — no 6-digit ANZSCO mapping
Registered Nurses,Long Training Gap,Uncertain,Table 3,Table 3,1,Table,3,,,True,False,False,False,False,False,Uncertain,True,False,False,OSD unit group level — no 6-digit ANZSCO mapping
Surgeons,Uncertain,Suitability Gap,Table 3,Table 3,1,Table,3,,,True,False,False,False,False,False,Suitability Gap,True,False,False,OSD unit group level — no 6-digit ANZSCO mapping
Telecommunications Trades Workers,Short Training Gap,Uncertain,Table 3,Table 3,1,Table,3,,,True,False,False,False,False,False,Uncertain,True,False,False,OSD unit group level — no 6-digit ANZSCO mapping
Urban And Regional Planners,Uncertain,Suitability Gap,Table 3,Table 3,1,Table,3,,,True,False,False,False,False,False,Suitability Gap,True,False,False,OSD unit group level — no 6-digit ANZSCO mapping
Chiropractors And Osteopaths,,Suitability Gap,Table B2,Table B2,1,Table,B2,,,True,True,False,False,False,False,Suitability Gap,False,False,False,OSD unit group level — no 6-digit ANZSCO mapping
Electrical Engineering Draftspersons And Technicians,,Suitability Gap,Table B2,Table B2,1,Table,B2,,,True,True,False,False,False,False,Suitability Gap,False,False,False,OSD unit group level — no 6-digit ANZSCO mapping
Electronic Engineering Draftspersons And Technicians,,Suitability Gap,Table B2,Table B2,1,Table,B2,,,True,True,False,False,False,False,Suitability Gap,False,False,False,OSD unit group level — no 6-digit ANZSCO mapping
Jewellers,,Uncertain,Table B2,Table B2,1,Table,B2,,,True,True,False,False,False,False,Uncertain,False,False,False,OSD unit group level — no 6-digit ANZSCO mapping
Outdoor Adventure Guides,,Uncertain,Table B2,Table B2,1,Table,B2,,,True,True,False,False,False,False,Uncertain,False,False,False,OSD unit group level — no 6-digit ANZSCO mapping
"Advertising, Public Relations And Sales Managers",Suitability Gap,,Table B1,Table B1,1,Table,B1,,,False,False,True,False,False,False,,False,False,False,OSD unit group level — no 6-digit ANZSCO mapping
Architects And Landscape Architects,Suitability Gap,,Table B1,Table B1,1,Table,B1,,,False,False,True,False,False,False,,False,False,False,OSD unit group level — no 6-digit ANZSCO mapping
Chemical And Materials Engineers,Suitability Gap,,Table B1,Table B1,1,Table,B1,,,False,False,True,False,False,False,,False,False,False,OSD unit group level — no 6-digit ANZSCO mapping
Electronics Engineers,Suitability Gap,,Table B1,Table B1,1,Table,B1,,,False,False,True,False,False,False,,False,False,False,OSD unit group level — no 6-digit ANZSCO mapping
Engineering Managers,Suitability Gap,,Table B1,Table B1,1,Table,B1,,,False,False,True,False,False,False,,False,False,False,OSD unit group level — no 6-digit ANZSCO mapping
Financial Investment Advisers And Managers,Suitability Gap,,Table B1,Table B1,1,Table,B1,,,False,False,True,False,False,False,,False,False,False,OSD unit group level — no 6-digit ANZSCO mapping
Hotel And Motel Managers,Retention Gap,,Table B1,Table B1,1,Table,B1,,,False,False,True,False,False,False,,False,False,False,OSD unit group level — no 6-digit ANZSCO mapping
"Industrial, Mechanical And Production Engineers",Suitability Gap,,Table B1,Table B1,1,Table,B1,,,False,False,True,False,False,False,,False,False,False,OSD unit group level — no 6-digit ANZSCO mapping
"Meat Boners And Slicers, And Slaughterers",Retention Gap,,Table B1,Table B1,1,Table,B1,,,False,False,True,False,False,False,,False,False,False,OSD unit group level — no 6-digit ANZSCO mapping
Nurse Educators And Researchers,Long Training Gap,,Table B1,Table B1,1,Table,B1,,,False,False,True,False,False,False,,False,False,False,OSD unit group level — no 6-digit ANZSCO mapping
Nurserypersons,Retention Gap,,Table B1,Table B1,1,Table,B1,,,False,False,True,False,False,False,,False,False,False,OSD unit group level — no 6-digit ANZSCO mapping
Nursing Support And Personal Care Workers,Retention Gap,,Table B1,Table B1,1,Table,B1,,,False,False,True,False,False,False,,False,False,False,OSD unit group level — no 6-digit ANZSCO mapping
Optometrists And Orthoptists,Long Training Gap,,Table B1,Table B1,1,Table,B1,,,False,False,True,False,False,False,,False,False,False,OSD unit group level — no 6-digit ANZSCO mapping
Other Mobile Plant Operators,Retention Gap,,Table B1,Table B1,1,Table,B1,,,False,False,True,False,False,False,,False,False,False,OSD unit group level — no 6-digit ANZSCO mapping
Print Finishers And Screen Printers,Uncertain,,Table B1,Table B1,1,Table,B1,,,False,False,True,False,False,False,,False,False,False,OSD unit group level — no 6-digit ANZSCO mapping
Security Officers And Guards,Retention Gap,,Table B1,Table B1,1,Table,B1,,,False,False,True,False,False,False,,False,False,False,OSD unit group level — no 6-digit ANZSCO mapping
Social Workers,Uncertain,,Table B1,Table B1,1,Table,B1,,,False,False,True,False,False,False,,False,False,False,OSD unit group level — no 6-digit ANZSCO mapping
Software And Applications Programmers,Suitability Gap,,Table B1,Table B1,1,Table,B1,,,False,False,True,False,False,False,,False,False,False,OSD unit group level — no 6-digit ANZSCO mapping
Wood Machinists And Other Wood Trades Workers,Uncertain,,Table B1,Table B1,1,Table,B1,,,False,False,True,False,False,False,,False,False,False,OSD unit group level — no 6-digit ANZSCO mapping
