aqf_foe,aqf_level,foe,pct_aqf_total,small_count_flag,pct_employed_prior,pct_employed_post,pptchange_employment,pct_employed_tot_prior,pct_employed_tot_post,pctpt_change_in_tot_employment,pct_employed_pt_prior,pct_employed_pt_post,pctpt_change_in_pt_employment,pct_employed_ft_prior,pct_employed_ft_post,pctpt_change_in_ft_employment,median_income,median_income_change,median_income_total,median_income_total_change,total_ft_median_income,total_ft_median_income_change,income_support_exit_rate,pct_higher_vet_progression,pct_any_vet_progression,pct_female,pct_disability,pct_apprentice_trainees,pct_first_nations,pct_no_yr12_no_cert_iii,pct_government_funded,median_completion_age_yrs,median_completion_time_days,pct_remote,pct_regional,pct_major_city,no_of_different_occupations,cert_order,source_sheet,suppressed_value_count,has_suppressed_values,median_income_outlier_flag,median_income_change_outlier_flag,median_income_total_outlier_flag,median_income_total_change_outlier_flag,total_ft_median_income_outlier_flag,total_ft_median_income_change_outlier_flag
"Certificate I, Agriculture, Environment And Related Studies",Certificate I,"Agriculture, Environment And Related Studies",4.0,False,44.0,82.0,38.0,44.0,82.0,38.0,20.0,33.0,13.0,25.0,49.0,24.0,23400.0,14800.0,24000.0,14800.0,32400.0,11900.0,48,53.0,55.0,34.0,17.0,66.0,20.0,57.0,89.0,21.0,128.0,5.0,51.0,45.0,1,1.0,aqf_foe_nat,0,False,False,False,False,False,False,False
"Certificate I, Architecture And Building",Certificate I,Architecture And Building,31.0,False,69.0,75.0,6.0,78.0,85.0,7.0,12.0,14.0,2.0,66.0,71.0,5.0,61200.0,2000.0,56900.0,1400.0,69500.0,1300.0,49,17.0,17.0,19.0,3.0,12.0,7.0,82.0,19.0,40.0,13.0,1.0,28.0,71.0,14,1.0,aqf_foe_nat,0,False,False,False,False,False,False,False
"Certificate I, Engineering And Related Technologies",Certificate I,Engineering And Related Technologies,8.0,False,75.0,83.0,8.0,76.0,84.0,8.0,15.0,17.0,2.0,61.0,67.0,6.0,56300.0,8100.0,55800.0,8100.0,75400.0,8400.0,46,40.0,44.0,17.0,9.0,2.0,13.0,47.0,58.0,34.0,44.0,9.0,39.0,52.0,2,1.0,aqf_foe_nat,0,False,False,False,False,False,False,False
"Certificate I, Food, Hospitality And Personal Services",Certificate I,"Food, Hospitality And Personal Services",5.0,False,20.0,74.0,54.0,21.0,74.0,53.0,11.0,50.0,39.0,10.0,24.0,14.0,8800.0,8600.0,8800.0,8500.0,6800.0,0.0,26,54.0,56.0,64.0,8.0,22.0,7.0,85.0,83.0,15.0,165.0,2.0,15.0,83.0,3,1.0,aqf_foe_nat,0,False,False,False,False,False,False,False
"Certificate I, Management And Commerce",Certificate I,Management And Commerce,13.0,False,30.0,69.0,39.0,30.0,70.0,40.0,15.0,42.0,27.0,15.0,27.0,12.0,11000.0,7800.0,11300.0,7900.0,10000.0,4800.0,26,43.0,46.0,59.0,16.0,17.0,12.0,80.0,37.0,16.0,62.0,4.0,28.0,69.0,7,1.0,aqf_foe_nat,0,False,False,False,False,False,False,False
"Certificate I, Mixed Field Programmes",Certificate I,Mixed Field Programmes,34.0,False,22.0,46.0,24.0,24.0,48.0,24.0,13.0,28.0,15.0,12.0,21.0,9.0,13000.0,2800.0,14200.0,3100.0,21400.0,3100.0,15,57.0,66.0,59.0,32.0,0.0,9.0,57.0,82.0,29.0,271.0,2.0,25.0,73.0,12,1.0,aqf_foe_nat,0,False,False,False,False,False,False,False
"Certificate II, Agriculture, Environment And Related Studies",Certificate II,"Agriculture, Environment And Related Studies",3.0,False,60.0,81.0,21.0,62.0,83.0,21.0,21.0,26.0,5.0,41.0,56.0,15.0,36400.0,9000.0,36800.0,9200.0,49100.0,9700.0,49,42.0,52.0,34.0,16.0,29.0,12.0,48.0,85.0,27.0,205.0,8.0,45.0,47.0,6,2.0,aqf_foe_nat,0,False,False,False,False,False,False,False
"Certificate II, Architecture And Building",Certificate II,Architecture And Building,5.0,False,49.0,87.0,38.0,50.0,89.0,39.0,16.0,22.0,6.0,34.0,67.0,33.0,30900.0,16700.0,31000.0,16700.0,34700.0,15900.0,58,46.0,54.0,9.0,10.0,4.0,10.0,58.0,96.0,19.0,130.0,3.0,23.0,74.0,11,2.0,aqf_foe_nat,0,False,False,False,False,False,False,False
"Certificate II, Creative Arts",Certificate II,Creative Arts,1.0,False,35.0,61.0,26.0,35.0,62.0,27.0,18.0,38.0,20.0,17.0,24.0,7.0,13400.0,1000.0,13600.0,500.0,19500.0,600.0,24,50.0,58.0,64.0,21.0,0.0,22.0,60.0,65.0,24.0,297.0,2.0,28.0,68.0,1,2.0,aqf_foe_nat,0,False,False,False,False,False,False,False
"Certificate II, Engineering And Related Technologies",Certificate II,Engineering And Related Technologies,29.0,False,76.0,89.0,13.0,78.0,92.0,14.0,16.0,13.0,-3.0,62.0,79.0,17.0,53900.0,15500.0,54300.0,15600.0,62800.0,13800.0,62,34.0,40.0,12.0,6.0,7.0,8.0,36.0,64.0,27.0,114.0,4.0,31.0,64.0,73,2.0,aqf_foe_nat,0,False,False,False,False,False,False,False
"Certificate II, Food, Hospitality And Personal Services",Certificate II,"Food, Hospitality And Personal Services",7.0,False,50.0,81.0,31.0,51.0,82.0,31.0,24.0,41.0,17.0,27.0,41.0,14.0,28800.0,11400.0,29300.0,11700.0,49000.0,10000.0,32,35.0,41.0,61.0,16.0,21.0,8.0,47.0,84.0,24.0,183.0,1.0,41.0,58.0,25,2.0,aqf_foe_nat,0,False,False,False,False,False,False,False
"Certificate II, Health",Certificate II,Health,9.0,False,72.0,88.0,16.0,74.0,90.0,16.0,30.0,37.0,7.0,44.0,53.0,9.0,37900.0,7600.0,38200.0,7600.0,62700.0,6500.0,50,39.0,42.0,63.0,11.0,1.0,4.0,29.0,40.0,25.0,114.0,2.0,27.0,71.0,31,2.0,aqf_foe_nat,0,False,False,False,False,False,False,False
"Certificate II, Information Technology",Certificate II,Information Technology,2.0,False,46.0,58.0,12.0,47.0,60.0,13.0,23.0,29.0,6.0,25.0,31.0,6.0,24900.0,4400.0,24900.0,4500.0,53200.0,5100.0,24,33.0,44.0,52.0,26.0,0.0,5.0,37.0,88.0,39.0,149.0,1.0,36.0,63.0,3,2.0,aqf_foe_nat,0,False,False,False,False,False,False,False
"Certificate II, Management And Commerce",Certificate II,Management And Commerce,9.0,False,49.0,82.0,33.0,50.0,83.0,33.0,28.0,46.0,18.0,22.0,37.0,15.0,25400.0,12500.0,26000.0,13100.0,45000.0,11200.0,34,38.0,46.0,62.0,17.0,12.0,8.0,50.0,55.0,21.0,185.0,2.0,28.0,69.0,26,2.0,aqf_foe_nat,0,False,False,False,False,False,False,False
"Certificate II, Mixed Field Programmes",Certificate II,Mixed Field Programmes,10.0,False,27.0,60.0,33.0,28.0,62.0,34.0,12.0,33.0,21.0,16.0,29.0,13.0,16200.0,7300.0,16900.0,7900.0,25400.0,8500.0,24,47.0,62.0,58.0,17.0,2.0,11.0,64.0,90.0,24.0,187.0,2.0,28.0,70.0,19,2.0,aqf_foe_nat,0,False,False,False,False,False,False,False
"Certificate II, Natural And Physical Sciences",Certificate II,Natural And Physical Sciences,0.0,True,71.0,94.0,23.0,75.0,98.0,23.0,15.0,10.0,-5.0,62.0,73.0,11.0,58000.0,12200.0,60200.0,12300.0,71200.0,0.0,,15.0,29.0,50.0,14.0,0.0,0.0,23.0,81.0,40.0,164.0,0.0,39.0,50.0,,2.0,aqf_foe_nat,2,True,False,False,False,False,False,False
"Certificate II, Society And Culture",Certificate II,Society And Culture,25.0,False,63.0,84.0,21.0,68.0,88.0,20.0,22.0,24.0,2.0,46.0,64.0,18.0,42700.0,12700.0,43200.0,13100.0,54800.0,11400.0,58,27.0,33.0,30.0,6.0,0.0,5.0,27.0,43.0,29.0,35.0,3.0,19.0,78.0,63,2.0,aqf_foe_nat,0,False,False,False,False,False,False,False
"Certificate III, Agriculture, Environment And Related Studies",Certificate III,"Agriculture, Environment And Related Studies",3.0,False,79.0,90.0,11.0,82.0,93.0,11.0,23.0,19.0,-4.0,59.0,74.0,15.0,53400.0,12800.0,53500.0,13500.0,60900.0,12200.0,54,11.0,27.0,29.0,10.0,32.0,7.0,32.0,88.0,29.0,362.0,4.0,53.0,43.0,31,3.0,aqf_foe_nat,0,False,False,False,False,False,False,False
"Certificate III, Architecture And Building",Certificate III,Architecture And Building,10.0,False,74.0,84.0,10.0,81.0,94.0,13.0,13.0,3.0,-10.0,69.0,91.0,22.0,60700.0,31000.0,60500.0,29100.0,61400.0,25900.0,73,16.0,23.0,2.0,3.0,66.0,4.0,35.0,76.0,24.0,991.0,1.0,26.0,73.0,39,3.0,aqf_foe_nat,0,False,False,False,False,False,False,False
"Certificate III, Creative Arts",Certificate III,Creative Arts,2.0,False,50.0,75.0,25.0,52.0,77.0,25.0,27.0,47.0,20.0,24.0,30.0,6.0,20300.0,6200.0,20700.0,6000.0,43400.0,5500.0,39,36.0,46.0,63.0,18.0,2.0,6.0,38.0,72.0,21.0,288.0,1.0,21.0,78.0,15,3.0,aqf_foe_nat,0,False,False,False,False,False,False,False
"Certificate III, Education",Certificate III,Education,8.0,False,59.0,92.0,33.0,61.0,94.0,33.0,44.0,61.0,17.0,17.0,33.0,16.0,35800.0,15100.0,36200.0,15100.0,47900.0,9100.0,43,33.0,38.0,95.0,8.0,20.0,4.0,23.0,84.0,31.0,351.0,2.0,27.0,72.0,43,3.0,aqf_foe_nat,0,False,False,False,False,False,False,False
"Certificate III, Engineering And Related Technologies",Certificate III,Engineering And Related Technologies,21.0,False,82.0,95.0,13.0,84.0,97.0,13.0,16.0,8.0,-8.0,68.0,89.0,21.0,74600.0,28600.0,74300.0,28200.0,78100.0,26200.0,62,7.0,20.0,11.0,5.0,59.0,5.0,33.0,82.0,27.0,694.0,4.0,35.0,62.0,138,3.0,aqf_foe_nat,0,False,False,False,False,False,False,False
"Certificate III, Food, Hospitality And Personal Services",Certificate III,"Food, Hospitality And Personal Services",8.0,False,66.0,88.0,22.0,67.0,90.0,23.0,38.0,43.0,5.0,29.0,47.0,18.0,35300.0,16300.0,35600.0,16400.0,50700.0,14800.0,40,16.0,28.0,67.0,10.0,37.0,6.0,35.0,82.0,22.0,322.0,1.0,31.0,68.0,58,3.0,aqf_foe_nat,0,False,False,False,False,False,False,False
"Certificate III, Health",Certificate III,Health,5.0,False,74.0,93.0,19.0,76.0,94.0,18.0,40.0,42.0,2.0,36.0,52.0,16.0,43600.0,13900.0,43800.0,14100.0,58800.0,9800.0,53,25.0,33.0,81.0,8.0,9.0,4.0,24.0,74.0,28.0,293.0,1.0,22.0,77.0,49,3.0,aqf_foe_nat,0,False,False,False,False,False,False,False
"Certificate III, Information Technology",Certificate III,Information Technology,1.0,False,54.0,78.0,24.0,56.0,79.0,23.0,19.0,29.0,10.0,37.0,51.0,14.0,30200.0,12100.0,30000.0,11600.0,46700.0,10100.0,53,49.0,55.0,19.0,19.0,15.0,3.0,28.0,86.0,21.0,228.0,0.0,31.0,68.0,8,3.0,aqf_foe_nat,0,False,False,False,False,False,False,False
"Certificate III, Management And Commerce",Certificate III,Management And Commerce,16.0,False,65.0,80.0,15.0,66.0,82.0,16.0,34.0,33.0,-1.0,32.0,49.0,17.0,41000.0,15600.0,41000.0,15600.0,54800.0,11100.0,33,14.0,25.0,65.0,19.0,30.0,6.0,38.0,61.0,28.0,288.0,2.0,28.0,71.0,112,3.0,aqf_foe_nat,0,False,False,False,False,False,False,False
"Certificate III, Mixed Field Programmes",Certificate III,Mixed Field Programmes,1.0,False,30.0,62.0,32.0,32.0,65.0,33.0,18.0,39.0,21.0,14.0,25.0,11.0,21500.0,8000.0,22200.0,8000.0,48500.0,7800.0,33,38.0,65.0,73.0,10.0,0.0,8.0,39.0,100.0,32.0,193.0,0.0,18.0,81.0,13,3.0,aqf_foe_nat,0,False,False,False,False,False,False,False
"Certificate III, Natural And Physical Sciences",Certificate III,Natural And Physical Sciences,2.0,False,70.0,92.0,22.0,73.0,93.0,20.0,41.0,44.0,3.0,32.0,50.0,18.0,46500.0,13400.0,46800.0,14200.0,60900.0,10500.0,56,15.0,22.0,83.0,6.0,7.0,3.0,14.0,78.0,33.0,244.0,1.0,18.0,81.0,12,3.0,aqf_foe_nat,0,False,False,False,False,False,False,False
"Certificate III, Society And Culture",Certificate III,Society And Culture,24.0,False,65.0,91.0,26.0,68.0,93.0,25.0,34.0,38.0,4.0,34.0,55.0,21.0,44500.0,14500.0,45500.0,15500.0,62300.0,12900.0,50,23.0,32.0,67.0,7.0,4.0,3.0,30.0,56.0,32.0,243.0,1.0,28.0,71.0,131,3.0,aqf_foe_nat,0,False,False,False,False,False,False,False
"Certificate IV, Agriculture, Environment And Related Studies",Certificate IV,"Agriculture, Environment And Related Studies",1.0,False,86.0,87.0,1.0,93.0,95.0,2.0,25.0,17.0,-8.0,67.0,78.0,11.0,55100.0,9300.0,56100.0,10800.0,62100.0,9000.0,50,6.0,23.0,43.0,5.0,12.0,4.0,21.0,87.0,31.0,364.0,7.0,62.0,30.0,2,4.0,aqf_foe_nat,0,False,False,False,False,False,False,False
"Certificate IV, Architecture And Building",Certificate IV,Architecture And Building,6.0,False,80.0,80.0,0.0,90.0,91.0,1.0,7.0,7.0,0.0,83.0,85.0,2.0,67100.0,8300.0,66200.0,9000.0,69900.0,9300.0,74,14.0,30.0,12.0,2.0,1.0,1.0,13.0,59.0,32.0,316.0,1.0,20.0,79.0,20,4.0,aqf_foe_nat,0,False,False,False,False,False,False,False
"Certificate IV, Creative Arts",Certificate IV,Creative Arts,2.0,False,62.0,78.0,16.0,64.0,81.0,17.0,35.0,47.0,12.0,29.0,34.0,5.0,24600.0,7800.0,24600.0,7400.0,44700.0,5700.0,46,43.0,53.0,61.0,17.0,0.0,4.0,16.0,77.0,22.0,285.0,1.0,19.0,81.0,10,4.0,aqf_foe_nat,0,False,False,False,False,False,False,False
"Certificate IV, Education",Certificate IV,Education,19.0,False,86.0,93.0,7.0,89.0,96.0,7.0,27.0,27.0,0.0,63.0,68.0,5.0,69800.0,7600.0,69300.0,7800.0,88300.0,7400.0,59,6.0,20.0,62.0,4.0,1.0,2.0,12.0,37.0,41.0,281.0,2.0,27.0,71.0,99,4.0,aqf_foe_nat,0,False,False,False,False,False,False,False
"Certificate IV, Engineering And Related Technologies",Certificate IV,Engineering And Related Technologies,5.0,False,93.0,96.0,3.0,95.0,97.0,2.0,6.0,3.0,-3.0,89.0,95.0,6.0,114700.0,14600.0,113900.0,14900.0,116100.0,14100.0,84,9.0,24.0,10.0,2.0,10.0,4.0,21.0,47.0,36.0,242.0,3.0,32.0,65.0,36,4.0,aqf_foe_nat,0,False,False,False,False,False,False,False
"Certificate IV, Food, Hospitality And Personal Services",Certificate IV,"Food, Hospitality And Personal Services",3.0,False,85.0,93.0,8.0,87.0,95.0,8.0,40.0,34.0,-6.0,47.0,62.0,15.0,48000.0,10900.0,48000.0,11200.0,58500.0,8700.0,60,10.0,24.0,54.0,3.0,9.0,2.0,26.0,64.0,29.0,170.0,1.0,29.0,70.0,14,4.0,aqf_foe_nat,0,False,False,False,False,False,False,False
"Certificate IV, Health",Certificate IV,Health,9.0,False,87.0,94.0,7.0,89.0,96.0,7.0,28.0,22.0,-6.0,61.0,73.0,12.0,63600.0,11700.0,63400.0,11700.0,76600.0,9100.0,59,11.0,24.0,61.0,6.0,2.0,4.0,16.0,47.0,34.0,311.0,2.0,25.0,73.0,69,4.0,aqf_foe_nat,0,False,False,False,False,False,False,False
"Certificate IV, Information Technology",Certificate IV,Information Technology,3.0,False,68.0,83.0,15.0,70.0,85.0,15.0,22.0,18.0,-4.0,48.0,67.0,19.0,50400.0,13600.0,50400.0,13400.0,59300.0,10300.0,62,22.0,34.0,21.0,11.0,8.0,1.0,9.0,94.0,30.0,332.0,0.0,11.0,89.0,15,4.0,aqf_foe_nat,0,False,False,False,False,False,False,False
"Certificate IV, Management And Commerce",Certificate IV,Management And Commerce,25.0,False,84.0,90.0,6.0,87.0,93.0,6.0,24.0,20.0,-4.0,63.0,73.0,10.0,64000.0,10500.0,63400.0,10400.0,74000.0,9300.0,59,13.0,24.0,61.0,4.0,9.0,2.0,14.0,49.0,35.0,297.0,1.0,22.0,77.0,124,4.0,aqf_foe_nat,0,False,False,False,False,False,False,False
"Certificate IV, Mixed Field Programmes",Certificate IV,Mixed Field Programmes,2.0,False,47.0,71.0,24.0,50.0,74.0,24.0,26.0,43.0,17.0,25.0,31.0,6.0,22900.0,6200.0,23400.0,6500.0,46800.0,3600.0,50,13.0,42.0,64.0,10.0,0.0,5.0,29.0,98.0,24.0,163.0,2.0,13.0,85.0,5,4.0,aqf_foe_nat,0,False,False,False,False,False,False,False
"Certificate IV, Natural And Physical Sciences",Certificate IV,Natural And Physical Sciences,1.0,False,72.0,89.0,17.0,74.0,91.0,17.0,24.0,24.0,0.0,50.0,67.0,17.0,56000.0,13500.0,55800.0,13700.0,65200.0,12200.0,65,29.0,39.0,51.0,7.0,25.0,3.0,10.0,88.0,31.0,307.0,1.0,23.0,77.0,5,4.0,aqf_foe_nat,0,False,False,False,False,False,False,False
"Certificate IV, Society And Culture",Certificate IV,Society And Culture,24.0,False,82.0,91.0,9.0,85.0,95.0,10.0,34.0,30.0,-4.0,51.0,65.0,14.0,55300.0,11500.0,56000.0,12300.0,72500.0,10600.0,53,11.0,28.0,64.0,6.0,2.0,3.0,16.0,46.0,33.0,281.0,1.0,24.0,74.0,109,4.0,aqf_foe_nat,0,False,False,False,False,False,False,False
"Diploma, Agriculture, Environment And Related Studies",Diploma,"Agriculture, Environment And Related Studies",1.0,False,89.0,93.0,4.0,91.0,96.0,5.0,23.0,13.0,-10.0,69.0,83.0,14.0,66100.0,13300.0,65700.0,14000.0,70000.0,11800.0,53,2.0,21.0,33.0,6.0,0.0,3.0,9.0,71.0,32.0,624.0,2.0,35.0,63.0,4,5.0,aqf_foe_nat,0,False,False,False,False,False,False,False
"Diploma, Architecture And Building",Diploma,Architecture And Building,5.0,False,74.0,80.0,6.0,83.0,88.0,5.0,14.0,13.0,-1.0,69.0,75.0,6.0,59500.0,9400.0,58200.0,8900.0,67600.0,8400.0,64,3.0,22.0,22.0,3.0,1.0,1.0,9.0,55.0,34.0,414.0,1.0,10.0,89.0,15,5.0,aqf_foe_nat,0,False,False,False,False,False,False,False
"Diploma, Creative Arts",Diploma,Creative Arts,6.0,False,63.0,82.0,19.0,65.0,85.0,20.0,36.0,50.0,14.0,29.0,35.0,6.0,24600.0,9600.0,24900.0,10200.0,43300.0,7700.0,41,23.0,35.0,60.0,16.0,0.0,3.0,16.0,68.0,21.0,320.0,1.0,13.0,86.0,18,5.0,aqf_foe_nat,0,False,False,False,False,False,False,False
"Diploma, Education",Diploma,Education,16.0,False,76.0,94.0,18.0,79.0,96.0,17.0,53.0,44.0,-9.0,26.0,52.0,26.0,47800.0,16700.0,47900.0,16800.0,55600.0,10600.0,57,1.0,13.0,93.0,4.0,20.0,3.0,10.0,78.0,31.0,547.0,1.0,22.0,77.0,26,5.0,aqf_foe_nat,0,False,False,False,False,False,False,False
"Diploma, Engineering And Related Technologies",Diploma,Engineering And Related Technologies,3.0,False,87.0,94.0,7.0,89.0,96.0,7.0,14.0,9.0,-5.0,75.0,87.0,12.0,85900.0,18600.0,85800.0,19000.0,93500.0,17800.0,86,8.0,28.0,10.0,2.0,4.0,1.0,13.0,45.0,30.0,321.0,2.0,25.0,73.0,11,5.0,aqf_foe_nat,0,False,False,False,False,False,False,False
"Diploma, Food, Hospitality And Personal Services",Diploma,"Food, Hospitality And Personal Services",3.0,False,70.0,87.0,17.0,72.0,91.0,19.0,50.0,54.0,4.0,22.0,37.0,15.0,31600.0,12700.0,31900.0,12800.0,46000.0,7600.0,41,2.0,22.0,99.0,9.0,0.0,4.0,17.0,75.0,23.0,346.0,1.0,22.0,77.0,6,5.0,aqf_foe_nat,0,False,False,False,False,False,False,False
"Diploma, Health",Diploma,Health,14.0,False,79.0,91.0,12.0,82.0,95.0,13.0,42.0,33.0,-9.0,40.0,62.0,22.0,54700.0,18100.0,53800.0,17800.0,65800.0,13400.0,56,2.0,13.0,79.0,6.0,0.0,3.0,14.0,68.0,30.0,561.0,2.0,27.0,71.0,41,5.0,aqf_foe_nat,0,False,False,False,False,False,False,False
"Diploma, Information Technology",Diploma,Information Technology,2.0,False,62.0,79.0,17.0,64.0,82.0,18.0,22.0,24.0,2.0,43.0,58.0,15.0,41300.0,15700.0,41200.0,16000.0,53000.0,14300.0,63,9.0,25.0,18.0,13.0,1.0,2.0,9.0,85.0,25.0,323.0,0.0,12.0,87.0,7,5.0,aqf_foe_nat,0,False,False,False,False,False,False,False
"Diploma, Management And Commerce",Diploma,Management And Commerce,32.0,False,86.0,92.0,6.0,88.0,94.0,6.0,20.0,16.0,-4.0,68.0,78.0,10.0,75000.0,12400.0,74400.0,12500.0,84000.0,10900.0,64,5.0,22.0,54.0,3.0,4.0,3.0,16.0,33.0,34.0,313.0,2.0,18.0,80.0,118,5.0,aqf_foe_nat,0,False,False,False,False,False,False,False
"Diploma, Natural And Physical Sciences",Diploma,Natural And Physical Sciences,1.0,False,76.0,89.0,13.0,78.0,91.0,13.0,21.0,19.0,-2.0,57.0,71.0,14.0,63800.0,10800.0,63600.0,10500.0,70500.0,8100.0,66,0.0,9.0,57.0,6.0,9.0,0.0,5.0,85.0,31.0,339.0,1.0,21.0,78.0,2,5.0,aqf_foe_nat,0,False,False,False,False,False,False,False
"Diploma, Society And Culture",Diploma,Society And Culture,16.0,False,80.0,89.0,9.0,83.0,92.0,9.0,33.0,27.0,-6.0,50.0,65.0,15.0,63100.0,14300.0,63300.0,14800.0,77900.0,12100.0,49,3.0,23.0,68.0,9.0,1.0,5.0,14.0,51.0,36.0,354.0,1.0,24.0,75.0,52,5.0,aqf_foe_nat,0,False,False,False,False,False,False,False
"Advanced Diploma, Architecture And Building",Advanced Diploma,Architecture And Building,11.0,False,76.0,87.0,11.0,79.0,91.0,12.0,18.0,15.0,-3.0,62.0,76.0,14.0,60200.0,14400.0,60100.0,13300.0,69800.0,9700.0,73,0.0,16.0,27.0,4.0,1.0,1.0,10.0,59.0,33.0,656.0,0.0,14.0,86.0,4,6.0,aqf_foe_nat,0,False,False,False,False,False,False,False
"Advanced Diploma, Creative Arts",Advanced Diploma,Creative Arts,15.0,False,61.0,83.0,22.0,63.0,86.0,23.0,39.0,46.0,7.0,24.0,39.0,15.0,25200.0,15200.0,26000.0,15300.0,42300.0,12500.0,32,2.0,14.0,58.0,16.0,0.0,2.0,14.0,61.0,21.0,317.0,0.0,12.0,88.0,4,6.0,aqf_foe_nat,0,False,False,False,False,False,False,False
"Advanced Diploma, Engineering And Related Technologies",Advanced Diploma,Engineering And Related Technologies,9.0,False,81.0,93.0,12.0,81.0,94.0,13.0,13.0,14.0,1.0,68.0,80.0,12.0,85500.0,18600.0,84000.0,17900.0,103700.0,16800.0,,0.0,21.0,7.0,4.0,1.0,1.0,8.0,65.0,30.0,656.0,1.0,23.0,76.0,2,6.0,aqf_foe_nat,1,True,False,False,False,False,False,False
"Advanced Diploma, Health",Advanced Diploma,Health,6.0,False,82.0,80.0,-2.0,89.0,93.0,4.0,29.0,31.0,2.0,59.0,62.0,3.0,72100.0,12300.0,61900.0,10400.0,92600.0,11700.0,,2.0,25.0,56.0,2.0,0.0,2.0,6.0,33.0,38.0,421.0,0.0,21.0,77.0,2,6.0,aqf_foe_nat,1,True,False,False,False,False,False,False
"Advanced Diploma, Information Technology",Advanced Diploma,Information Technology,8.0,False,66.0,84.0,18.0,68.0,86.0,18.0,21.0,22.0,1.0,46.0,66.0,20.0,48700.0,16900.0,49000.0,17100.0,64300.0,15600.0,73,4.0,20.0,23.0,8.0,0.0,1.0,19.0,67.0,27.0,317.0,0.0,11.0,89.0,1,6.0,aqf_foe_nat,0,False,False,False,False,False,False,False
"Advanced Diploma, Management And Commerce",Advanced Diploma,Management And Commerce,43.0,False,85.0,90.0,5.0,89.0,93.0,4.0,22.0,18.0,-4.0,67.0,76.0,9.0,74300.0,12500.0,74500.0,12600.0,85700.0,11600.0,64,2.0,30.0,52.0,3.0,0.0,1.0,14.0,34.0,36.0,304.0,1.0,17.0,81.0,19,6.0,aqf_foe_nat,0,False,False,False,False,False,False,False
"Advanced Diploma, Society And Culture",Advanced Diploma,Society And Culture,7.0,False,64.0,80.0,16.0,67.0,84.0,17.0,36.0,40.0,4.0,31.0,44.0,13.0,34300.0,13100.0,34800.0,14200.0,57800.0,10600.0,44,4.0,20.0,68.0,5.0,0.0,0.0,27.0,50.0,28.0,331.0,0.0,9.0,90.0,1,6.0,aqf_foe_nat,0,False,False,False,False,False,False,False
"Graduate Certificate/Diploma, Education",Graduate Certificate/Diploma,Education,9.0,False,85.0,86.0,1.0,87.0,90.0,3.0,25.0,13.0,-12.0,63.0,78.0,15.0,73100.0,11400.0,74200.0,12500.0,80000.0,8300.0,,0.0,51.0,30.0,0.0,0.0,0.0,27.0,0.0,40.0,88.0,0.0,14.0,86.0,,7.0,aqf_foe_nat,2,True,False,False,False,False,False,False
"Graduate Certificate/Diploma, Health",Graduate Certificate/Diploma,Health,45.0,False,84.0,96.0,12.0,84.0,98.0,14.0,60.0,12.0,-48.0,24.0,86.0,62.0,80800.0,54700.0,81600.0,54800.0,83400.0,38100.0,,0.0,2.0,72.0,1.0,0.0,0.0,4.0,0.0,25.0,390.0,1.0,20.0,79.0,5,7.0,aqf_foe_nat,1,True,False,True,False,True,False,True
"Graduate Certificate/Diploma, Management And Commerce",Graduate Certificate/Diploma,Management And Commerce,24.0,False,95.0,95.0,0.0,95.0,95.0,0.0,8.0,6.0,-2.0,88.0,90.0,2.0,110000.0,6700.0,109900.0,6800.0,114200.0,6300.0,,0.0,19.0,50.0,2.0,0.0,3.0,15.0,0.0,44.0,320.0,2.0,26.0,70.0,2,7.0,aqf_foe_nat,1,True,False,False,False,False,False,False
"Graduate Certificate/Diploma, Society And Culture",Graduate Certificate/Diploma,Society And Culture,16.0,False,91.0,91.0,0.0,93.0,95.0,2.0,27.0,26.0,-1.0,67.0,70.0,3.0,77500.0,5900.0,77200.0,6800.0,87400.0,6800.0,,2.0,6.0,76.0,2.0,0.0,6.0,16.0,10.0,46.0,333.0,3.0,27.0,70.0,3,7.0,aqf_foe_nat,1,True,False,False,False,False,False,False
