Code,Occupation,National Shortage Rating,Victoria Shortage Rating,Skill Level
422111,Aboriginal and Torres Strait Islander Education Worker,No shortage,No shortage,4
411511,Aboriginal and Torres Strait Islander Health Worker,Shortage,Shortage,2
141999,Accommodation and Hospitality Managers nec,No shortage,No shortage,2
221111,Accountant (General),No shortage,No shortage,1
551111,Accounts Clerk,No shortage,No shortage,4
211111,Actor,No shortage,No shortage,1
211199,"Actors, Dancers and Other Entertainers nec",No shortage,No shortage,1
224111,Actuary,Shortage,Shortage,1
252211,Acupuncturist,No shortage,No shortage,1
542112,Admissions Clerk,No shortage,No shortage,4
131113,Advertising Manager,No shortage,No shortage,1
225111,Advertising Specialist,No shortage,No shortage,1
233911,Aeronautical Engineer,Shortage,Shortage,1
231111,Aeroplane Pilot,Shortage,Shortage,1
423111,Aged or Disabled Carer,Shortage,Shortage,4
311112,Agricultural and Agritech Technician,Shortage,Shortage,2
721111,Agricultural and Horticultural Mobile Plant Operator,Regional shortage,Regional shortage,4
234111,Agricultural Consultant,Shortage,Shortage,1
233912,Agricultural Engineer,Shortage,Shortage,1
234114,Agricultural Research Scientist,Shortage,Shortage,1
234115,Agronomist,Shortage,Shortage,1
231112,Air Traffic Controller,Shortage,Shortage,1
231199,Air Transport Professionals nec,Shortage,Shortage,1
334112,Airconditioning and Mechanical Services Plumber,Shortage,Shortage,3
342111,Airconditioning and Refrigeration Mechanic,Shortage,Shortage,3
721911,Aircraft Baggage Handler and Airline Ground Crew,No shortage,No shortage,4
323111,Aircraft Maintenance Engineer (Avionics),Shortage,Shortage,3
323112,Aircraft Maintenance Engineer (Mechanical),Shortage,Shortage,3
323113,Aircraft Maintenance Engineer (Structures),Shortage,Shortage,3
733112,Aircraft Refueller,No shortage,No shortage,4
411111,Ambulance Officer,Shortage,Shortage,2
149111,Amusement Centre Manager,No shortage,No shortage,2
311211,Anaesthetic Technician,No shortage,No shortage,2
253211,Anaesthetist,Shortage,Shortage,1
261311,Analyst Programmer,No shortage,No shortage,1
361199,Animal Attendants and Trainers nec,No shortage,No shortage,4
311113,Animal Husbandry Technician,No shortage,No shortage,2
142112,Antique Dealer,No shortage,No shortage,2
121311,Apiarist,No shortage,No shortage,1
393211,Apparel Cutter,No shortage,No shortage,3
121111,Aquaculture Farmer,No shortage,No shortage,1
234116,Aquaculture or Fisheries Scientist,Shortage,Shortage,1
311114,Aquaculture or Fisheries Technician,No shortage,No shortage,2
363111,Aquaculture Supervisor,No shortage,No shortage,3
362511,Arborist,Shortage,Shortage,2
272414,Archaeologist,No shortage,No shortage,1
232111,Architect,No shortage,No shortage,1
312111,Architectural Draftsperson,No shortage,No shortage,2
312199,"Architectural, Building and Surveying Technicians nec",No shortage,No shortage,2
224211,Archivist,No shortage,No shortage,1
212311,"Art Director (Film, Television or Stage)",No shortage,No shortage,1
249211,Art Teacher (Private Tuition),No shortage,No shortage,1
212111,Artistic Director,No shortage,No shortage,1
139911,Arts Administrator or Manager,No shortage,No shortage,1
611111,Auctioneer,No shortage,No shortage,3
252711,Audiologist,Shortage,Shortage,1
212211,Author,No shortage,No shortage,1
899412,Autoglazier,Shortage,Shortage,4
731199,Automobile Drivers nec,No shortage,No shortage,4
321111,Automotive Electrician,Shortage,Shortage,3
721212,Backhoe Operator,No shortage,No shortage,4
351111,Baker,Shortage,Shortage,3
552111,Bank Worker,No shortage,No shortage,3
431111,Bar Attendant,No shortage,No shortage,4
431112,Barista,No shortage,No shortage,4
271111,Barrister,No shortage,No shortage,1
451111,Beauty Therapist,Shortage,Shortage,3
141911,Bed and Breakfast Operator,No shortage,No shortage,2
842311,Beef Cattle Farm Worker,No shortage,No shortage,4
121312,Beef Cattle Farmer,No shortage,No shortage,1
142113,Betting Agency Manager,No shortage,No shortage,2
234513,Biochemist,No shortage,No shortage,1
233913,Biomedical Engineer,Shortage,Shortage,1
311313,Biosecurity Officer,No shortage,No shortage,2
234514,Biotechnologist,No shortage,No shortage,1
322111,Blacksmith,No shortage,No shortage,3
149911,Boarding Kennel or Cattery Operator,No shortage,No shortage,2
399111,Boat Builder and Repairer,Shortage,Shortage,3
451814,Body Artist,No shortage,No shortage,4
712911,Boiler or Engine Operator,No shortage,No shortage,4
212212,Book or Script Editor,No shortage,No shortage,1
551211,Bookkeeper,No shortage,No shortage,3
552311,Bookmaker,No shortage,No shortage,4
234515,Botanist,No shortage,No shortage,1
331111,Bricklayer,Shortage,Shortage,3
121711,Broadacre Crop and Livestock Farmer,No shortage,No shortage,1
121599,Broadacre Crop Growers nec,No shortage,No shortage,1
399511,Broadcast Transmitter Operator,No shortage,No shortage,3
312999,Building and Engineering Technicians nec,No shortage,No shortage,2
312112,Building Associate,No shortage,No shortage,2
312113,Building Inspector,Shortage,Shortage,2
821411,Building Insulation Installer,No shortage,No shortage,4
712912,Bulk Materials Handling Plant Operator,No shortage,No shortage,4
721213,Bulldozer Operator,Shortage,Shortage,4
452211,Bungy Jump Master,No shortage,No shortage,2
731211,Bus Driver,Shortage,Shortage,4
612111,Business Broker,No shortage,No shortage,3
342311,Business Machine Mechanic,No shortage,No shortage,3
351211,Butcher or Smallgoods Maker,Shortage,Shortage,3
394112,Cabinet Maker,Shortage,Shortage,3
342411,Cabler (Data and Telecommunications),Shortage,Shortage,3
141111,Cafe or Restaurant Manager,No shortage,No shortage,2
149211,Call or Contact Centre Manager,No shortage,No shortage,2
541112,Call or Contact Centre Operator,No shortage,No shortage,4
541111,Call or Contact Centre Team Leader,No shortage,No shortage,3
399512,"Camera Operator (Film, Television or Video)",No shortage,No shortage,3
393111,Canvas Goods Fabricator,No shortage,No shortage,3
141211,Caravan Park and Camping Ground Manager,No shortage,No shortage,2
311212,Cardiac Technician,No shortage,No shortage,2
253312,Cardiologist,Shortage,Shortage,1
253512,Cardiothoracic Surgeon,Shortage,Shortage,1
272111,Careers Counsellor,No shortage,No shortage,1
331212,Carpenter,Shortage,Shortage,3
331211,Carpenter and Joiner,Shortage,Shortage,3
811611,Carpet Cleaner,No shortage,No shortage,4
232213,Cartographer,No shortage,No shortage,1
842312,Cattle and Sheep Farm Worker,No shortage,No shortage,4
712913,Cement Production Plant Operator,No shortage,No shortage,4
731212,Charter and Tour Bus Driver,Shortage,Shortage,4
731111,Chauffeur,No shortage,No shortage,4
351311,Chef,Regional shortage,Regional shortage,2
233111,Chemical Engineer,No shortage,No shortage,1
399211,Chemical Plant Operator,No shortage,No shortage,3
711911,Chemical Production Machine Operator,No shortage,No shortage,4
234211,Chemist,No shortage,No shortage,1
311411,Chemistry Technician,No shortage,No shortage,2
111111,Chief Executive or Managing Director,No shortage,No shortage,1
135111,Chief Information Officer,No shortage,No shortage,1
134111,Child Care Centre Manager,No shortage,No shortage,1
421111,Child Care Worker,Shortage,Shortage,3
423411,Child or Youth Residential Care Assistant,No shortage,No shortage,3
252111,Chiropractor,Shortage,Shortage,1
149912,Cinema or Theatre Manager,No shortage,No shortage,2
451811,Civil Celebrant,No shortage,No shortage,3
233211,Civil Engineer,Shortage,Shortage,1
312211,Civil Engineering Draftsperson,Shortage,Shortage,2
312212,Civil Engineering Technician,Shortage,Shortage,2
711111,Clay Products Machine Operator,No shortage,No shortage,4
711199,"Clay, Concrete, Glass and Stone Processing Machine Operators nec",No shortage,No shortage,4
599999,Clerical and Administrative Workers nec,No shortage,No shortage,4
599211,Clerk of Court,No shortage,No shortage,3
599915,Clinical Coder,Shortage,Shortage,3
253313,Clinical Haematologist,Shortage,Shortage,1
272311,Clinical Psychologist,Shortage,Shortage,1
393212,Clothing Patternmaker,No shortage,No shortage,3
393299,Clothing Trades Workers nec,No shortage,No shortage,3
222111,Commodities Trader,No shortage,No shortage,2
342312,Communications Operator,No shortage,No shortage,3
272611,Community Arts Worker,No shortage,No shortage,1
411711,Community Worker,No shortage,No shortage,2
221211,Company Secretary,No shortage,No shortage,1
252299,Complementary Health Therapists nec,No shortage,No shortage,1
211211,Composer,No shortage,No shortage,1
263111,Computer Network and Systems Engineer,No shortage,No shortage,1
712914,Concrete Batching Plant Operator,No shortage,No shortage,4
711112,Concrete Products Machine Operator,No shortage,No shortage,4
712915,Concrete Pump Operator,No shortage,No shortage,4
149311,Conference and Event Organiser,No shortage,No shortage,2
234311,Conservation Officer,No shortage,No shortage,1
234911,Conservator,No shortage,No shortage,1
312114,Construction Estimator,Regional shortage,Regional shortage,2
133111,Construction Project Manager,Shortage,Shortage,1
821711,Construction Rigger,No shortage,No shortage,4
225114,Content Creator (Marketing),No shortage,No shortage,1
511111,Contract Administrator,No shortage,No shortage,2
599111,Conveyancer,Shortage,Shortage,2
351411,Cook,Shortage,Shortage,3
212411,Copywriter,No shortage,No shortage,1
111211,Corporate General Manager,No shortage,No shortage,1
132111,Corporate Services Manager,No shortage,No shortage,1
221212,Corporate Treasurer,No shortage,No shortage,1
551112,Cost Clerk,No shortage,No shortage,4
842211,Cotton Farm Worker,No shortage,No shortage,4
121511,Cotton Grower,No shortage,No shortage,1
272199,Counsellors nec,No shortage,No shortage,1
599212,Court Bailiff or Sheriff,No shortage,No shortage,3
599213,Court Orderly,No shortage,No shortage,3
821911,Crane Chaser,No shortage,No shortage,4
712111,"Crane, Hoist or Lift Operator",Shortage,Shortage,4
552211,Credit or Loans Officer,No shortage,No shortage,3
442213,Crowd Controller,No shortage,No shortage,4
149212,Customer Service Manager,No shortage,No shortage,2
599511,Customs Officer,No shortage,No shortage,4
262114,Cyber Governance Risk and Compliance Specialist,Shortage,Shortage,1
262115,Cyber Security Advice and Assessment Specialist,No shortage,No shortage,1
262116,Cyber Security Analyst,No shortage,No shortage,1
262117,Cyber Security Architect,Shortage,Shortage,1
261315,Cyber Security Engineer,Shortage,Shortage,1
262118,Cyber Security Operations Coordinator,Shortage,Shortage,1
842313,Dairy Cattle Farm Worker,No shortage,No shortage,4
121313,Dairy Cattle Farmer,No shortage,No shortage,1
249212,Dance Teacher (Private Tuition),No shortage,No shortage,1
211112,Dancer or Choreographer,No shortage,No shortage,1
224114,Data Analyst,No shortage,No shortage,1
532111,Data Entry Operator,No shortage,No shortage,4
224115,Data Scientist,No shortage,No shortage,1
262111,Database Administrator,No shortage,No shortage,1
599311,Debt Collector,No shortage,No shortage,4
899211,Deck Hand,Shortage,Shortage,4
121314,Deer Farmer,No shortage,No shortage,1
732111,Delivery Driver,No shortage,No shortage,4
423211,Dental Assistant,No shortage,No shortage,4
411211,Dental Hygienist,Shortage,Shortage,1
411212,Dental Prosthetist,Shortage,Shortage,2
252311,Dental Specialist,Shortage,Shortage,1
411213,Dental Technician,Shortage,Shortage,2
411214,Dental Therapist,Shortage,Shortage,1
252312,Dentist,Shortage,Shortage,1
253911,Dermatologist,Shortage,Shortage,1
591211,Despatching and Receiving Clerk,No shortage,No shortage,4
261312,Developer Programmer,No shortage,No shortage,1
261316,Devops Engineer,Shortage,Shortage,1
253917,Diagnostic and Interventional Radiologist,Shortage,Shortage,1
321212,Diesel Motor Mechanic,Shortage,Shortage,3
251111,Dietitian,No shortage,No shortage,1
225115,Digital Marketing Analyst,No shortage,No shortage,1
212312,"Director (Film, Television, Radio or Stage)",No shortage,No shortage,1
212313,Director of Photography,No shortage,No shortage,1
411712,Disabilities Services Officer,No shortage,No shortage,2
399911,Diver,No shortage,No shortage,3
411311,Diversional Therapist,No shortage,No shortage,3
452311,Diving Instructor (Open Water),No shortage,No shortage,3
452318,Dog and Horse Racing Official,No shortage,No shortage,3
361111,Dog Handler or Trainer,No shortage,No shortage,3
334113,Drainer,Shortage,Shortage,3
249213,Drama Teacher (Private Tuition),No shortage,No shortage,1
393213,Dressmaker or Tailor,No shortage,No shortage,3
712211,Driller,Shortage,Shortage,4
451211,Driving Instructor,No shortage,No shortage,3
272112,Drug and Alcohol Counsellor,No shortage,No shortage,1
241111,Early Childhood (Pre-primary School) Teacher,Shortage,Shortage,1
311412,Earth Science Technician,No shortage,No shortage,2
721211,Earthmoving Plant Operator (General),Regional shortage,Regional shortage,4
224311,Economist,No shortage,No shortage,1
249111,Education Adviser,No shortage,No shortage,1
134499,Education Managers nec,No shortage,No shortage,1
249112,Education Reviewer,No shortage,No shortage,1
272312,Educational Psychologist,Shortage,Shortage,1
224911,Electorate Officer,No shortage,No shortage,1
233311,Electrical Engineer,Shortage,No shortage,1
312311,Electrical Engineering Draftsperson,No shortage,No shortage,2
312312,Electrical Engineering Technician,Metro shortage,Metro shortage,2
342211,Electrical Linesworker / Electrical Line Mechanic,Shortage,Shortage,3
341111,Electrician (General),Shortage,Shortage,3
341112,Electrician (Special Class),Shortage,Shortage,3
312411,Electronic Engineering Draftsperson,No shortage,No shortage,2
312412,Electronic Engineering Technician,Shortage,Shortage,2
342313,Electronic Equipment Trades Worker,Regional shortage,Regional shortage,3
342314,Electronic Instrument Trades Worker (General),Shortage,Shortage,3
342315,Electronic Instrument Trades Worker (Special Class),Shortage,Shortage,3
233411,Electronics Engineer,No shortage,No shortage,1
322112,Electroplater,No shortage,No shortage,3
253912,Emergency Medicine Specialist,Shortage,Shortage,1
441211,Emergency Service Worker,No shortage,No shortage,3
253315,Endocrinologist,Shortage,Shortage,1
133211,Engineering Manager,No shortage,No shortage,1
323411,Engineering Patternmaker,Shortage,Shortage,3
712311,Engineering Production Worker,No shortage,No shortage,4
233999,Engineering Professionals nec,No shortage,No shortage,1
233914,Engineering Technologist,Shortage,Shortage,1
323311,Engraver,No shortage,No shortage,3
411411,Enrolled Nurse,Regional shortage,Regional shortage,2
211113,Entertainer or Variety Artist,No shortage,No shortage,1
234521,Entomologist,No shortage,No shortage,1
234312,Environmental Consultant,No shortage,No shortage,1
233915,Environmental Engineer,Shortage,Shortage,1
251311,Environmental Health Officer,Regional shortage,Regional shortage,1
139912,Environmental Manager,No shortage,No shortage,1
234313,Environmental Research Scientist,Shortage,Shortage,1
234399,Environmental Scientists nec,No shortage,No shortage,1
149915,Equipment Hire Manager,No shortage,No shortage,2
721214,Excavator Operator,Shortage,Shortage,4
234915,Exercise Physiologist,No shortage,No shortage,1
899413,Exhaust and Muffler Repairer,No shortage,No shortage,4
221213,External Auditor,Shortage,Shortage,1
599916,Facilities Administrator,No shortage,No shortage,4
149913,Facilities Manager,No shortage,No shortage,2
134411,Faculty Head,No shortage,No shortage,1
272113,Family and Marriage Counsellor,No shortage,No shortage,1
421112,Family Day Care Worker,No shortage,No shortage,4
411713,Family Support Worker,No shortage,No shortage,2
322113,Farrier,Shortage,Shortage,3
232311,Fashion Designer,No shortage,No shortage,1
821311,Fencer,No shortage,No shortage,4
212314,Film and Video Editor,Shortage,Shortage,1
212399,"Film, Television, Radio and Stage Directors nec",No shortage,No shortage,1
222112,Finance Broker,No shortage,No shortage,2
132211,Finance Manager,No shortage,No shortage,1
222199,Financial Brokers nec,No shortage,No shortage,2
222299,Financial Dealers nec,No shortage,No shortage,1
149914,Financial Institution Branch Manager,No shortage,No shortage,2
222311,Financial Investment Adviser,No shortage,No shortage,1
222312,Financial Investment Manager,No shortage,No shortage,1
222211,Financial Market Dealer,No shortage,No shortage,1
441212,Fire Fighter,No shortage,No shortage,3
399918,Fire Protection Equipment Technician,Regional shortage,Regional shortage,3
334117,Fire Protection Plumber,Shortage,Shortage,3
451815,First Aid Trainer,No shortage,No shortage,3
311311,Fisheries Officer,No shortage,No shortage,2
452212,Fishing Guide,No shortage,No shortage,3
899212,Fishing Hand,No shortage,No shortage,4
363112,Fishing Leading Hand,No shortage,No shortage,3
149112,Fitness Centre Manager,No shortage,No shortage,2
452111,Fitness Instructor,No shortage,No shortage,4
323211,Fitter (General),Shortage,Shortage,3
323212,Fitter and Turner,Shortage,Shortage,3
323213,Fitter-Welder,Shortage,Shortage,3
149411,Fleet Manager,No shortage,No shortage,2
451711,Flight Attendant,Regional shortage,Regional shortage,3
332111,Floor Finisher,Shortage,Shortage,3
362111,Florist,No shortage,No shortage,3
121611,Flower Grower,No shortage,No shortage,1
231113,Flying Instructor,Shortage,Shortage,1
234212,Food Technologist,No shortage,No shortage,1
711711,Footwear Production Machine Operator,No shortage,No shortage,4
234113,Forester / Forest Scientist,Shortage,Shortage,1
363113,Forestry Operations Supervisor,No shortage,No shortage,3
843111,Forestry Worker,No shortage,No shortage,4
721311,Forklift Driver,No shortage,No shortage,4
121612,Fruit Grower,No shortage,No shortage,1
451311,Funeral Director,No shortage,No shortage,2
451399,Funeral Workers nec,No shortage,No shortage,3
394211,Furniture Finisher,No shortage,No shortage,3
394113,Furniture Maker,Shortage,Shortage,3
733113,Furniture Removalist,No shortage,No shortage,4
222212,Futures Trader,No shortage,No shortage,1
224212,Gallery or Museum Curator,No shortage,No shortage,1
451411,Gallery or Museum Guide,No shortage,No shortage,4
399311,Gallery or Museum Technician,No shortage,No shortage,2
431311,Gaming Worker,No shortage,No shortage,4
362611,Gardener (General),No shortage,No shortage,3
399212,Gas or Petroleum Operator,No shortage,No shortage,3
334114,Gasfitter,Shortage,Shortage,3
253316,Gastroenterologist,Shortage,Shortage,1
531111,General Clerk,No shortage,No shortage,4
253111,General Practitioner,Shortage,Shortage,1
234411,Geologist,Shortage,No shortage,1
234412,Geophysicist,Shortage,Shortage,1
233212,Geotechnical Engineer,Shortage,Shortage,1
711113,Glass Production Machine Operator,No shortage,No shortage,4
333111,Glazier,Shortage,Shortage,3
121315,Goat Farmer,No shortage,No shortage,1
721215,Grader Operator,Shortage,Shortage,4
842214,"Grain, Oilseed, Pulse and Pasture Farm Worker",No shortage,No shortage,4
121512,"Grain, Oilseed, Pulse or Pasture Grower / Field Crop Grower",No shortage,No shortage,1
232411,Graphic Designer,No shortage,No shortage,1
392211,Graphic Pre-press Trades Worker,Shortage,Shortage,3
323312,Gunsmith,No shortage,No shortage,3
452312,Gymnastics Coach or Instructor,Shortage,Shortage,4
142114,Hair or Beauty Salon Manager,No shortage,No shortage,2
391111,Hairdresser,Shortage,Shortage,3
313111,Hardware Technician,No shortage,No shortage,2
134299,Health and Welfare Services Managers nec,No shortage,Regional shortage,1
251999,Health Diagnostic and Promotion Professionals nec,Shortage,Shortage,1
224213,Health Information Manager,No shortage,No shortage,1
512211,Health Practice Manager,No shortage,No shortage,2
251911,Health Promotion Officer,No shortage,No shortage,1
231114,Helicopter Pilot,Shortage,Shortage,1
451513,Herbalist (Western),No shortage,No shortage,4
711712,Hide and Skin Processing Machine Operator,No shortage,No shortage,4
272411,Historian,No shortage,No shortage,1
821412,Home Improvement Installer,No shortage,No shortage,4
252212,Homoeopath,No shortage,No shortage,1
121316,Horse Breeder,No shortage,No shortage,1
452313,Horse Riding Coach or Instructor,No shortage,No shortage,3
361112,Horse Trainer,Shortage,Shortage,3
121699,Horticultural Crop Growers nec,No shortage,No shortage,1
363114,Horticultural Supervisor or Specialist,No shortage,No shortage,3
423311,Hospital Orderly,No shortage,No shortage,4
251511,Hospital Pharmacist,Regional shortage,Regional shortage,1
149999,"Hospitality, Retail and Service Managers nec",No shortage,No shortage,2
423412,Hostel Parent,No shortage,No shortage,4
141311,Hotel or Motel Manager,No shortage,No shortage,2
542113,Hotel or Motel Receptionist,No shortage,No shortage,4
431411,Hotel Service Manager,No shortage,No shortage,2
223111,Human Resource Adviser,No shortage,No shortage,1
599411,Human Resource Clerk,No shortage,No shortage,4
132311,Human Resource Manager,No shortage,No shortage,1
452213,Hunting Guide,No shortage,No shortage,3
234413,Hydrogeologist,Shortage,Shortage,1
311415,Hydrographer,No shortage,No shortage,2
225211,ICT Account Manager,No shortage,No shortage,1
261111,ICT Business Analyst,No shortage,No shortage,1
225212,ICT Business Development Manager,No shortage,No shortage,1
313112,ICT Customer Support Officer,No shortage,No shortage,2
135199,ICT Managers nec,No shortage,No shortage,1
135112,ICT Project Manager,No shortage,No shortage,1
263211,ICT Quality Assurance Engineer,No shortage,No shortage,1
225213,ICT Sales Representative,No shortage,No shortage,1
263299,ICT Support and Test Engineers nec,No shortage,No shortage,1
263212,ICT Support Engineer,No shortage,No shortage,1
313199,ICT Support Technicians nec,No shortage,No shortage,2
263213,ICT Systems Test Engineer,No shortage,No shortage,1
232412,Illustrator,No shortage,No shortage,1
599512,Immigration Officer,No shortage,No shortage,4
591212,Import-Export Clerk,No shortage,No shortage,4
133311,Importer or Exporter,No shortage,No shortage,1
232312,Industrial Designer,No shortage,No shortage,1
233511,Industrial Engineer,No shortage,No shortage,1
251512,Industrial Pharmacist,No shortage,No shortage,1
711211,Industrial Spraypainter,Shortage,Shortage,4
224999,Information and Organisation Professionals nec,No shortage,No shortage,1
541211,Information Officer,No shortage,No shortage,4
599599,Inspectors and Regulatory Officers nec,No shortage,No shortage,4
611211,Insurance Agent,No shortage,No shortage,3
222113,Insurance Broker,No shortage,No shortage,2
552312,Insurance Consultant,No shortage,No shortage,4
599611,Insurance Investigator,No shortage,No shortage,3
599612,Insurance Loss Adjuster,No shortage,No shortage,3
599613,Insurance Risk Surveyor,No shortage,No shortage,2
422112,Integration Aide,No shortage,No shortage,4
271214,Intellectual Property Lawyer,No shortage,No shortage,1
224411,Intelligence Officer,No shortage,No shortage,1
411112,Intensive Care Ambulance Paramedic,Shortage,Shortage,1
253317,Intensive Care Specialist,Shortage,Shortage,1
399912,Interior Decorator,No shortage,No shortage,2
232511,Interior Designer,No shortage,No shortage,2
221214,Internal Auditor,No shortage,No shortage,1
272412,Interpreter,No shortage,No shortage,1
599514,"Invasive Pest, Weed and Disease Inspector",No shortage,No shortage,4
311115,Irrigation Designer,Shortage,Shortage,2
362712,Irrigation Technician,Shortage,Shortage,3
399411,Jeweller,Shortage,Shortage,3
232313,Jewellery Designer,No shortage,No shortage,1
452413,Jockey,No shortage,No shortage,3
331213,Joiner,Shortage,Shortage,3
212499,Journalists and Other Writers nec,No shortage,No shortage,1
271299,Judicial and Other Legal Professionals nec,No shortage,No shortage,1
361115,Kennel Hand,No shortage,No shortage,4
711713,Knitting Machine Operator,No shortage,No shortage,4
139913,Laboratory Manager,No shortage,No shortage,1
224511,Land Economist,No shortage,No shortage,1
232112,Landscape Architect,No shortage,No shortage,1
362711,Landscape Gardener,Shortage,Shortage,3
599214,Law Clerk,No shortage,No shortage,3
393112,Leather Goods Maker,No shortage,No shortage,3
599112,Legal Executive,No shortage,No shortage,2
521212,Legal Secretary,No shortage,No shortage,2
224912,Liaison Officer,No shortage,No shortage,1
224611,Librarian,No shortage,No shortage,1
599711,Library Assistant,No shortage,No shortage,4
399312,Library Technician,No shortage,No shortage,2
141411,Licensed Club Manager,No shortage,No shortage,2
311413,Life Science Technician,No shortage,No shortage,2
234511,Life Scientist (General),No shortage,No shortage,1
234599,Life Scientists nec,No shortage,No shortage,1
452414,Lifeguard,No shortage,No shortage,3
341113,Lift Mechanic,No shortage,No shortage,3
399513,Light Technician,Shortage,Shortage,3
721912,Linemarker,Shortage,Shortage,4
121399,Livestock Farmers nec,No shortage,No shortage,1
842314,Livestock Husbandry Worker,No shortage,No shortage,4
721216,Loader Operator,Shortage,Shortage,4
323313,Locksmith,Shortage,Shortage,3
843112,Logging Assistant,No shortage,No shortage,4
721112,Logging Plant Operator,No shortage,No shortage,4
711999,Machine Operators nec,No shortage,No shortage,4
532112,Machine Shorthand Reporter,No shortage,No shortage,4
312911,Maintenance Planner,No shortage,No shortage,2
399514,Make Up Artist,No shortage,No shortage,3
221112,Management Accountant,No shortage,No shortage,1
224713,Management Consultant,No shortage,No shortage,1
133411,Manufacturer,No shortage,No shortage,1
234516,Marine Biologist,No shortage,No shortage,1
231215,Marine Surveyor,No shortage,No shortage,2
231299,Marine Transport Professionals nec,No shortage,No shortage,2
225112,Market Research Analyst,No shortage,No shortage,1
225113,Marketing Specialist,No shortage,No shortage,1
411611,Massage Therapist,No shortage,No shortage,2
231211,Master Fisher,Shortage,Shortage,2
233112,Materials Engineer,No shortage,Shortage,1
224112,Mathematician,No shortage,No shortage,1
831211,Meat Boner and Slicer,No shortage,No shortage,4
311312,Meat Inspector,Shortage,Shortage,2
233512,Mechanical Engineer,No shortage,No shortage,1
312511,Mechanical Engineering Draftsperson,Shortage,Shortage,2
312512,Mechanical Engineering Technician,Shortage,Shortage,2
212112,Media Producer (excluding Video),No shortage,No shortage,1
134211,Medical Administrator / Medical Superintendent,No shortage,No shortage,1
251211,Medical Diagnostic Radiographer,Shortage,Shortage,1
234611,Medical Laboratory Scientist,No shortage,No shortage,1
311213,Medical Laboratory Technician,No shortage,No shortage,2
253314,Medical Oncologist,Shortage,Shortage,1
253999,Medical Practitioners nec,Shortage,Shortage,1
251212,Medical Radiation Therapist,Regional shortage,Regional shortage,1
542114,Medical Receptionist,No shortage,No shortage,4
311299,Medical Technicians nec,No shortage,No shortage,2
322114,Metal Casting Trades Worker,Shortage,Shortage,3
322311,Metal Fabricator,Shortage,Shortage,3
323299,Metal Fitters and Machinists nec,No shortage,No shortage,3
323214,Metal Machinist (First Class),Shortage,Shortage,3
322115,Metal Polisher,No shortage,No shortage,3
312912,Metallurgical or Materials Technician,Shortage,Shortage,2
234912,Metallurgist,Shortage,Shortage,1
234913,Meteorologist,No shortage,No shortage,1
234517,Microbiologist,No shortage,No shortage,1
241311,Middle School Teacher / Intermediate School Teacher,Shortage,Shortage,1
254111,Midwife,Shortage,Shortage,1
224913,Migration Agent / Immigration Consultant,No shortage,No shortage,1
312913,Mine Deputy,No shortage,No shortage,2
712212,Miner,Regional shortage,Regional shortage,4
233611,Mining Engineer (excluding Petroleum),Shortage,Shortage,1
272211,Minister of Religion,No shortage,No shortage,1
121323,Mixed Cattle and Sheep Farmer,No shortage,No shortage,1
121799,Mixed Production Farmers nec,No shortage,No shortage,1
721999,Mobile Plant Operators nec,No shortage,No shortage,4
552313,Money Market Clerk,No shortage,No shortage,4
411412,Mothercraft Nurse,No shortage,No shortage,2
711912,Motion Picture Projectionist,No shortage,No shortage,4
321211,Motor Mechanic (General),Shortage,Shortage,3
599513,Motor Vehicle Licence Examiner,No shortage,No shortage,4
621311,Motor Vehicle or Caravan Salesperson,No shortage,No shortage,4
899411,Motor Vehicle Parts and Accessories Fitter (General),Shortage,Shortage,4
621312,Motor Vehicle Parts Interpreter / Automotive Parts Salesperson,No shortage,No shortage,4
321213,Motorcycle Mechanic,Shortage,Shortage,3
452214,Mountain or Glacier Guide,No shortage,No shortage,2
232413,Multimedia Designer,No shortage,No shortage,1
261211,Multimedia Specialist,No shortage,No shortage,1
211212,Music Director,No shortage,No shortage,1
211299,Music Professionals nec,No shortage,No shortage,1
249214,Music Teacher (Private Tuition),No shortage,No shortage,1
399515,Musical Instrument Maker or Repairer,No shortage,No shortage,3
211213,Musician (Instrumental),No shortage,No shortage,1
421113,Nanny,No shortage,No shortage,4
234999,Natural and Physical Science Professionals nec,No shortage,No shortage,1
451511,Natural Remedy Consultant,No shortage,No shortage,4
252213,Naturopath,No shortage,No shortage,1
233916,Naval Architect / Marine Designer,Shortage,Shortage,1
263112,Network Administrator,No shortage,No shortage,1
263113,Network Analyst,No shortage,No shortage,1
253318,Neurologist,Shortage,Shortage,1
253513,Neurosurgeon,Shortage,Shortage,1
212412,Newspaper or Periodical Editor,No shortage,No shortage,1
251213,Nuclear Medicine Technologist,Shortage,Shortage,1
254211,Nurse Educator,No shortage,Shortage,1
254311,Nurse Manager,No shortage,No shortage,1
254411,Nurse Practitioner,Shortage,Shortage,1
254212,Nurse Researcher,No shortage,No shortage,1
362411,Nurseryperson,No shortage,No shortage,3
134212,Nursing Clinical Director,No shortage,No shortage,1
423312,Nursing Support Worker,No shortage,No shortage,4
121613,Nut Grower,No shortage,No shortage,1
251112,Nutritionist,No shortage,No shortage,1
253913,Obstetrician and Gynaecologist,Shortage,Shortage,1
251312,Occupational Health and Safety Adviser,No shortage,No shortage,1
252411,Occupational Therapist,Shortage,Shortage,1
512111,Office Manager,No shortage,No shortage,2
311214,Operating Theatre Technician,No shortage,No shortage,3
253914,Ophthalmologist,Shortage,Shortage,1
399913,Optical Dispenser / Dispensing Optician,No shortage,No shortage,3
399914,Optical Mechanic,No shortage,No shortage,3
251411,Optometrist,No shortage,No shortage,1
591117,Order Clerk,No shortage,No shortage,4
224712,Organisation and Methods Analyst,No shortage,No shortage,1
272313,Organisational Psychologist,Shortage,Shortage,1
253514,Orthopaedic Surgeon,Shortage,Shortage,1
251412,Orthoptist,Shortage,Shortage,1
251912,Orthotist or Prosthetist,Shortage,Shortage,1
252112,Osteopath,Shortage,Shortage,1
312914,Other Draftsperson,No shortage,No shortage,2
639911,Other Sales Support Worker,No shortage,No shortage,4
232214,Other Spatial Scientist,Shortage,Shortage,1
452317,Other Sports Coach or Instructor,No shortage,No shortage,4
452323,Other Sports Official,No shortage,No shortage,3
711314,Other Wood Processing Machine Operator,Shortage,Shortage,4
253515,Otorhinolaryngologist,Shortage,Shortage,1
421114,Out of School Hours Care Worker,Regional shortage,Regional shortage,3
452299,Outdoor Adventure Guides nec,Shortage,Shortage,3
452215,Outdoor Adventure Instructor,Shortage,Shortage,3
253516,Paediatric Surgeon,Shortage,Shortage,1
253321,Paediatrician,Shortage,Shortage,1
332211,Painter,Shortage,Shortage,3
211411,Painter (Visual Arts),No shortage,No shortage,1
324111,Panelbeater,Shortage,Shortage,3
712916,Paper and Pulp Mill Operator,No shortage,No shortage,4
711311,Paper Products Machine Operator,No shortage,No shortage,4
234314,Park Ranger,No shortage,No shortage,1
411714,Parole or Probation Officer,No shortage,No shortage,2
731213,Passenger Coach Driver,No shortage,No shortage,4
351112,Pastrycook,Regional shortage,Regional shortage,3
224914,Patents Examiner,No shortage,No shortage,1
253915,Pathologist,Shortage,Shortage,1
311216,Pathology Collector / Phlebotomist,No shortage,No shortage,3
721913,Paving Plant Operator,No shortage,No shortage,4
551311,Payroll Clerk,No shortage,No shortage,4
261317,Penetration Tester,No shortage,No shortage,1
399599,Performing Arts Technicians nec,No shortage,No shortage,3
521111,Personal Assistant,No shortage,No shortage,2
423313,Personal Care Assistant,No shortage,No shortage,4
451899,Personal Service Workers nec,No shortage,No shortage,4
843411,Pest Control Technician,No shortage,No shortage,4
361113,Pet Groomer,No shortage,No shortage,4
233612,Petroleum Engineer,Shortage,Shortage,1
621411,Pharmacy Sales Assistant,No shortage,No shortage,4
311215,Pharmacy Technician,Regional shortage,Regional shortage,2
211311,Photographer,No shortage,No shortage,2
399915,Photographer's Assistant,No shortage,No shortage,4
711411,Photographic Developer and Printer,No shortage,No shortage,4
234914,Physicist,No shortage,No shortage,1
252511,Physiotherapist,Shortage,Shortage,1
394212,Picture Framer,No shortage,No shortage,3
121318,Pig Farmer,No shortage,No shortage,1
842315,Piggery Farm Worker,No shortage,No shortage,4
333211,Plasterer (Wall and Ceiling),Shortage,Shortage,3
253517,Plastic and Reconstructive Surgeon,Shortage,Shortage,1
711511,Plastic Cablemaking Machine Operator,No shortage,No shortage,4
711512,Plastic Compounding and Reclamation Machine Operator,No shortage,No shortage,4
711599,Plastics and Rubber Production Machine Operators nec,No shortage,No shortage,4
711513,Plastics Fabricator or Welder,No shortage,No shortage,4
711514,Plastics Production Machine Operator (General),No shortage,No shortage,4
399916,Plastics Technician,No shortage,No shortage,3
334116,Plumber (General),Shortage,Shortage,3
312115,Plumbing Inspector,No shortage,No shortage,2
252611,Podiatrist,Shortage,Shortage,1
441312,Police Officer,No shortage,No shortage,2
224412,Policy Analyst,No shortage,No shortage,1
132411,Policy and Planning Manager,No shortage,No shortage,1
142115,Post Office Manager,No shortage,No shortage,2
211412,Potter or Ceramic Artist,No shortage,No shortage,1
842316,Poultry Farm Worker,No shortage,No shortage,4
121321,Poultry Farmer,No shortage,No shortage,1
399213,Power Generation Plant Operator,No shortage,No shortage,3
512299,Practice Managers nec,No shortage,No shortage,2
323314,Precision Instrument Maker and Repairer,Shortage,Shortage,3
422115,Preschool Aide,No shortage,No shortage,4
322312,Pressure Welder,Shortage,Shortage,3
134213,Primary Health Organisation Manager,No shortage,No shortage,1
311399,Primary Products Assurance and Inspection Officers nec,No shortage,No shortage,2
311314,Primary Products Quality Assurance Officer,No shortage,No shortage,2
241213,Primary School Teacher,Shortage,Shortage,1
392111,Print Finisher,No shortage,No shortage,3
212413,Print Journalist,No shortage,No shortage,1
899511,Printer's Assistant,No shortage,No shortage,4
392311,Printing Machinist,No shortage,No shortage,3
899512,Printing Table Worker,No shortage,No shortage,4
442111,Prison Officer,No shortage,No shortage,4
442214,Private Investigator,No shortage,No shortage,4
249299,Private Tutors and Teachers nec,No shortage,No shortage,1
133612,Procurement Manager,No shortage,No shortage,1
839311,Product Examiner,No shortage,No shortage,4
839312,Product Grader,No shortage,No shortage,4
839313,Product Tester,No shortage,No shortage,4
599912,"Production Assistant (Film, Television, Radio or Stage)",No shortage,No shortage,4
591112,Production Clerk,No shortage,No shortage,4
133511,Production Manager (Forestry),No shortage,No shortage,1
133512,Production Manager (Manufacturing),No shortage,No shortage,1
133513,Production Manager (Mining),No shortage,No shortage,1
121614,Production Nursery Grower,No shortage,No shortage,1
233513,Production or Plant Engineer,No shortage,No shortage,1
212315,Program Director (Television or Radio),No shortage,No shortage,1
511112,Program or Project Administrator,No shortage,No shortage,2
133112,Project Builder,No shortage,No shortage,1
599913,Proof Reader,No shortage,No shortage,4
612112,Property Manager,No shortage,No shortage,3
253411,Psychiatrist,Shortage,Shortage,1
272399,Psychologists nec,Shortage,Shortage,1
272314,Psychotherapist,No shortage,No shortage,1
131114,Public Relations Manager,No shortage,No shortage,1
225311,Public Relations Professional,No shortage,No shortage,1
591113,Purchasing Officer,No shortage,No shortage,4
139916,Quality Assurance Manager,No shortage,No shortage,1
233213,Quantity Surveyor,Shortage,Shortage,1
253918,Radiation Oncologist,Shortage,Shortage,1
899414,Radiator Repairer,No shortage,No shortage,4
599914,Radio Despatcher,No shortage,No shortage,4
212414,Radio Journalist,No shortage,No shortage,1
212113,Radio Presenter,No shortage,No shortage,1
313211,Radiocommunications Technician,No shortage,No shortage,2
712917,Railway Signal Operator,No shortage,No shortage,4
149412,Railway Station Manager,No shortage,No shortage,2
721914,Railway Track Plant Operator,Shortage,Shortage,4
821611,Railway Track Worker,Shortage,Shortage,4
612113,Real Estate Agency Principal / Real Estate Agency Licensee,No shortage,No shortage,2
612114,Real Estate Agent,No shortage,No shortage,3
612115,Real Estate Representative,No shortage,No shortage,3
542111,Receptionist (General),No shortage,No shortage,4
224214,Records Manager,No shortage,No shortage,1
272612,Recreation Officer / Recreation Coordinator,No shortage,No shortage,1
223112,Recruitment Consultant,No shortage,No shortage,1
423413,Refuge Worker,No shortage,No shortage,3
134412,Regional Education Manager,No shortage,No shortage,1
254412,Registered Nurse (Aged Care),Shortage,Shortage,1
254413,Registered Nurse (Child and Family Health),Shortage,Shortage,1
254414,Registered Nurse (Community Health),Shortage,Shortage,1
254415,Registered Nurse (Critical Care and Emergency),Shortage,Shortage,1
254416,Registered Nurse (Developmental Disability),Shortage,Shortage,1
254417,Registered Nurse (Disability and Rehabilitation),Shortage,Shortage,1
254421,Registered Nurse (Medical Practice),Regional shortage,Regional shortage,1
254418,Registered Nurse (Medical),Regional shortage,Regional shortage,1
254422,Registered Nurse (Mental Health),Shortage,Shortage,1
254425,Registered Nurse (Paediatrics),Shortage,Shortage,1
254423,Registered Nurse (Perioperative),Shortage,Shortage,1
254424,Registered Nurse (Surgical),Regional shortage,Regional shortage,1
254499,Registered Nurses nec,No shortage,No shortage,1
139917,Regulatory Affairs Manager,No shortage,No shortage,1
272114,Rehabilitation Counsellor,Shortage,Shortage,1
711515,Reinforced Plastic and Composite Production Worker,Shortage,Shortage,4
451816,Religious Assistant,No shortage,No shortage,4
253322,Renal Medicine Specialist,Shortage,Shortage,1
333212,Renderer (Solid Plaster),Shortage,Shortage,3
132511,Research and Development Manager,No shortage,No shortage,1
253112,Resident Medical Officer,Shortage,Shortage,1
411715,Residential Care Officer,No shortage,No shortage,2
234612,Respiratory Scientist,No shortage,No shortage,1
311217,Respiratory Technician,No shortage,No shortage,2
639211,Retail Buyer,No shortage,No shortage,3
142111,Retail Manager (General),No shortage,No shortage,2
251513,Retail Pharmacist,Shortage,Shortage,1
621511,Retail Supervisor,No shortage,No shortage,4
141912,Retirement Village Manager,No shortage,No shortage,2
253323,Rheumatologist,Shortage,Shortage,1
721915,Road Roller Operator,Shortage,Shortage,4
334115,Roof Plumber,Shortage,Shortage,3
333311,Roof Tiler,Shortage,Shortage,3
711516,Rubber Production Machine Operator,No shortage,No shortage,4
312611,Safety Inspector,No shortage,No shortage,2
393113,Sail Maker,No shortage,No shortage,3
131112,Sales and Marketing Manager,No shortage,No shortage,1
611311,Sales Representative (Building and Plumbing Supplies),No shortage,No shortage,4
611312,Sales Representative (Business Services),No shortage,No shortage,4
225411,Sales Representative (Industrial Products),No shortage,No shortage,1
225412,Sales Representative (Medical and Pharmaceutical Products),No shortage,No shortage,1
611313,Sales Representative (Motor Vehicle Parts and Accessories),No shortage,No shortage,4
611314,Sales Representative (Personal and Household Goods),No shortage,No shortage,4
611399,Sales Representatives nec,No shortage,No shortage,4
711913,Sand Blaster,No shortage,No shortage,4
323315,Saw Doctor,Shortage,Shortage,3
711313,Sawmilling Operator,Shortage,Shortage,4
821712,Scaffolder,Shortage,Shortage,4
311414,School Laboratory Technician,No shortage,No shortage,2
134311,School Principal,No shortage,No shortage,1
311499,Science Technicians nec,No shortage,No shortage,2
392112,Screen Printer,No shortage,No shortage,3
211413,Sculptor,No shortage,No shortage,1
241411,Secondary School Teacher,Shortage,Shortage,1
521211,Secretary (General),No shortage,No shortage,2
442216,Security Consultant,No shortage,No shortage,3
442217,Security Officer,No shortage,No shortage,4
363199,"Senior Aquaculture, Crop and Forestry Workers nec",No shortage,No shortage,3
363211,Senior Beef Cattle Station Worker,No shortage,No shortage,3
363115,Senior Broadacre Crop and Livestock Farm Worker,No shortage,No shortage,3
363116,Senior Broadacre Crop Farm Worker,No shortage,No shortage,3
363212,Senior Cattle and Sheep Farm Worker,No shortage,No shortage,3
363213,Senior Dairy Cattle Farm Worker,No shortage,No shortage,3
363299,Senior Livestock Farm Workers nec,No shortage,No shortage,3
363214,Senior Piggery Stockperson,No shortage,No shortage,3
363215,Senior Sheep Farm Worker,No shortage,No shortage,3
711611,Sewing Machinist,No shortage,No shortage,4
363311,Shearer,No shortage,No shortage,3
842317,Sheep Farm Worker,No shortage,No shortage,4
121322,Sheep Farmer,No shortage,No shortage,1
322211,Sheetmetal Worker,Shortage,Shortage,3
231212,Ship's Engineer,Shortage,Shortage,2
231213,Ship's Master,Shortage,Shortage,2
231214,Ship's Officer,Shortage,Shortage,2
399112,Shipwright,Shortage,Shortage,3
393114,Shoemaker,No shortage,No shortage,3
712213,Shot Firer,No shortage,No shortage,4
399611,Signwriter,No shortage,No shortage,3
211214,Singer,No shortage,No shortage,1
831212,Slaughterer,No shortage,No shortage,4
321214,Small Engine Mechanic,Shortage,Shortage,3
392312,Small Offset Printer,No shortage,No shortage,3
452314,Snowsport Instructor,No shortage,No shortage,3
272499,Social Professionals nec,No shortage,No shortage,1
599515,Social Security Assessor,No shortage,No shortage,4
272511,Social Worker,No shortage,Regional shortage,1
261399,Software and Applications Programmers nec,No shortage,No shortage,1
261313,Software Engineer,No shortage,No shortage,1
261314,Software Tester,Shortage,Shortage,1
271311,Solicitor,Shortage,Shortage,1
251214,Sonographer,Shortage,Shortage,1
399516,Sound Technician,Shortage,Shortage,3
241599,Special Education Teachers nec,Shortage,Shortage,1
241511,Special Needs Teacher,Shortage,Shortage,1
139999,Specialist Managers nec,No shortage,No shortage,1
253311,Specialist Physician (General Medicine),Shortage,Shortage,1
253399,Specialist Physicians nec,Shortage,Shortage,1
252712,Speech Pathologist / Speech Language Therapist,Shortage,Shortage,1
139915,Sports Administrator,No shortage,No shortage,1
149113,Sports Centre Manager,No shortage,No shortage,2
452321,Sports Development Officer,No shortage,No shortage,2
362312,Sports Turf Manager,Shortage,Shortage,2
362313,Sports Turf Trades Worker,No shortage,No shortage,3
452322,Sports Umpire,No shortage,No shortage,3
212316,Stage Manager,No shortage,No shortage,1
712999,Stationary Plant Operators nec,No shortage,No shortage,4
552314,Statistical Clerk,No shortage,No shortage,4
224116,Statistician,No shortage,No shortage,1
821713,Steel Fixer,Shortage,Shortage,4
711914,Sterilisation Technician,No shortage,No shortage,4
611112,Stock and Station Agent,No shortage,No shortage,3
591115,Stock Clerk,No shortage,No shortage,4
222213,Stockbroking Dealer,No shortage,No shortage,1
711114,Stone Processing Machine Operator,No shortage,No shortage,4
331112,Stonemason,Shortage,Shortage,3
741111,Storeperson,No shortage,No shortage,4
721916,Streetsweeper Operator,No shortage,No shortage,4
233214,Structural Engineer,Shortage,Shortage,1
821714,Structural Steel Erector,Shortage,Shortage,4
272115,Student Counsellor,No shortage,No shortage,1
842217,Sugar Cane Farm Worker,No shortage,No shortage,4
121513,Sugar Cane Grower,No shortage,No shortage,1
133611,Supply and Distribution Manager,No shortage,No shortage,1
224714,Supply Chain Analyst,No shortage,No shortage,1
253511,Surgeon (General),Shortage,Shortage,1
312116,Surveying or Spatial Science Technician,Shortage,Shortage,2
232212,Surveyor,Shortage,Shortage,1
452315,Swimming Coach or Instructor,Shortage,Shortage,4
262113,Systems Administrator,No shortage,No shortage,1
261112,Systems Analyst,No shortage,No shortage,1
733114,Tanker Driver,No shortage,No shortage,4
221113,Taxation Accountant,Shortage,Shortage,1
599516,Taxation Inspector,No shortage,No shortage,4
731112,Taxi Driver,No shortage,No shortage,4
249311,Teacher of English to Speakers of Other Languages,No shortage,No shortage,1
241512,Teacher of the Hearing Impaired,Shortage,Shortage,1
241513,Teacher of the Sight Impaired,Shortage,Shortage,1
422116,Teachers' Aide,No shortage,No shortage,4
342212,Technical Cable Jointer,Shortage,Shortage,3
212317,Technical Director,No shortage,No shortage,1
225499,Technical Sales Representatives nec,No shortage,No shortage,1
212415,Technical Writer,No shortage,No shortage,1
399999,Technicians and Trades Workers nec,No shortage,No shortage,3
342412,Telecommunications Cable Jointer,Shortage,Shortage,3
263311,Telecommunications Engineer,No shortage,No shortage,1
313212,Telecommunications Field Engineer,No shortage,No shortage,2
342413,Telecommunications Linesworker / Telecommunications Line Mechanic,Shortage,Shortage,3
263312,Telecommunications Network Engineer,No shortage,No shortage,1
313213,Telecommunications Network Planner,No shortage,No shortage,2
313214,Telecommunications Technical Officer or Technologist,No shortage,No shortage,2
342414,Telecommunications Technician,Shortage,Shortage,3
399517,Television Equipment Operator,No shortage,No shortage,3
212416,Television Journalist,No shortage,No shortage,1
212114,Television Presenter,No shortage,No shortage,1
452316,Tennis Coach,No shortage,No shortage,4
711799,Textile and Footwear Production Machine Operators nec,No shortage,No shortage,4
711714,Textile Dyeing and Finishing Machine Operator,No shortage,No shortage,4
323215,"Textile, Clothing and Footwear Mechanic",No shortage,No shortage,3
423314,Therapy Aide,No shortage,No shortage,4
253324,Thoracic Medicine Specialist,Shortage,Shortage,1
323412,Toolmaker,Shortage,Shortage,3
451412,Tour Guide,Shortage,Shortage,3
451611,Tourist Information Officer,No shortage,No shortage,4
733115,Tow Truck Driver,No shortage,No shortage,4
361116,Track Rider,No shortage,No shortage,3
252214,Traditional Chinese Medicine Practitioner,No shortage,No shortage,1
712918,Train Controller,No shortage,No shortage,4
731311,Train Driver,Regional shortage,Regional shortage,4
599517,Train Examiner,No shortage,No shortage,4
223311,Training and Development Professional,No shortage,No shortage,1
731312,Tram Driver,No shortage,No shortage,4
272413,Translator,No shortage,No shortage,1
149413,Transport Company Manager,No shortage,No shortage,2
233215,Transport Engineer,Shortage,Shortage,1
599518,Transport Operations Inspector,No shortage,No shortage,4
142116,Travel Agency Manager,No shortage,No shortage,2
451799,Travel Attendants nec,No shortage,No shortage,4
451612,Travel Consultant,Shortage,Shortage,3
843113,Tree Faller,No shortage,No shortage,4
362512,Tree Worker,Shortage,Shortage,3
452216,Trekking Guide,No shortage,No shortage,3
733111,Truck Driver (General),Shortage,Shortage,4
599215,Trust Officer,No shortage,No shortage,3
121615,Turf Grower,No shortage,No shortage,1
899415,Tyre Fitter,No shortage,No shortage,4
242111,University Lecturer,No shortage,No shortage,1
242112,University Tutor,No shortage,No shortage,1
393311,Upholsterer,Shortage,Shortage,3
232611,Urban and Regional Planner,Regional shortage,Regional shortage,1
253518,Urologist,Shortage,Shortage,1
261113,User Experience Designer (ICT),No shortage,No shortage,1
224512,Valuer,No shortage,No shortage,1
253521,Vascular Surgeon,Shortage,Shortage,1
121616,Vegetable Grower,No shortage,No shortage,1
324211,Vehicle Body Builder,Shortage,Shortage,3
324311,Vehicle Painter,Shortage,Shortage,3
324212,Vehicle Trimmer,Shortage,Shortage,3
234711,Veterinarian,Shortage,Shortage,1
361311,Veterinary Nurse,Shortage,Shortage,3
212318,Video Producer,No shortage,No shortage,1
363117,Vineyard Supervisor,No shortage,No shortage,3
842222,Vineyard Worker,No shortage,No shortage,4
211499,Visual Arts and Crafts Professionals nec,No shortage,No shortage,1
639511,Visual Merchandiser,No shortage,No shortage,4
242211,Vocational Education Teacher / Polytechnic Teacher,Shortage,Shortage,1
431511,Waiter,No shortage,No shortage,4
333411,Wall and Floor Tiler,Shortage,Shortage,3
591116,Warehouse Administrator,No shortage,No shortage,4
712921,Waste Water or Water Plant Operator,No shortage,Shortage,4
323316,Watch and Clock Maker and Repairer,No shortage,No shortage,3
599521,Water Inspector,No shortage,No shortage,4
711715,Weaving Machine Operator,No shortage,No shortage,4
313113,Web Administrator,No shortage,No shortage,2
232414,Web Designer,No shortage,No shortage,1
261212,Web Developer,No shortage,No shortage,1
712922,Weighbridge Operator,No shortage,No shortage,4
451512,Weight Loss Consultant,No shortage,No shortage,4
322313,Welder (First Class),Shortage,Shortage,3
134214,Welfare Centre Manager,No shortage,No shortage,1
272613,Welfare Worker,No shortage,Regional shortage,1
452217,Whitewater Rafting Guide,No shortage,No shortage,3
133312,Wholesaler,No shortage,No shortage,1
121617,Wine Grape Grower,No shortage,No shortage,1
234213,Wine Maker,No shortage,No shortage,1
394213,Wood Machinist,Shortage,Shortage,3
394299,Wood Machinists and Other Wood Trades Workers nec,No shortage,No shortage,3
394214,Wood Turner,No shortage,No shortage,3
639212,Wool Buyer,No shortage,No shortage,3
363312,Wool Classer,No shortage,No shortage,3
532113,Word Processing Operator,No shortage,No shortage,4
223113,Workplace Relations Adviser,No shortage,No shortage,1
711716,Yarn Carding and Spinning Machine Operator,No shortage,No shortage,4
411716,Youth Worker,No shortage,No shortage,2
361114,Zookeeper,No shortage,No shortage,3
234522,Zoologist,No shortage,No shortage,1
