anzsco_code,occupation_name,automation_score,augmentation_score,automation_level,augmentation_level,explanation,data_source
1111,Chief Executives and Managing Directors,0.26,0.67,Low,Medium,"JSA rates this role with 67% AI augmentation exposure. Some tasks may be assisted by AI, but human judgment stays central.","JSA Generative AI Capacity Study, 2025"
1112,General Managers,0.31,0.66,Low,Medium,"JSA rates this role with 66% AI augmentation exposure. Some tasks may be assisted by AI, but human judgment stays central.","JSA Generative AI Capacity Study, 2025"
1113,Legislators,0.26,0.63,Low,Medium,"JSA rates this role with 63% AI augmentation exposure. Some tasks may be assisted by AI, but human judgment stays central.","JSA Generative AI Capacity Study, 2025"
1211,Aquaculture Farmers,0.41,0.66,Low,Medium,"JSA rates this role with 66% AI augmentation exposure. Some tasks may be assisted by AI, but human judgment stays central.","JSA Generative AI Capacity Study, 2025"
1212,Crop Farmers,0.34,0.67,Low,Medium,"JSA rates this role with 67% AI augmentation exposure. Some tasks may be assisted by AI, but human judgment stays central.","JSA Generative AI Capacity Study, 2025"
1213,Livestock Farmers,0.34,0.65,Low,Medium,"JSA rates this role with 65% AI augmentation exposure. Some tasks may be assisted by AI, but human judgment stays central.","JSA Generative AI Capacity Study, 2025"
1214,Mixed Crop and Livestock Farmers,0.36,0.67,Low,Medium,"JSA rates this role with 67% AI augmentation exposure. Some tasks may be assisted by AI, but human judgment stays central.","JSA Generative AI Capacity Study, 2025"
1311,"Advertising, Public Relations and Sales Manager",0.38,0.72,Low,High,JSA rates this role with 72% AI augmentation exposure — tasks are highly likely to be reshaped by AI tools. Consider building skills that complement AI.,"JSA Generative AI Capacity Study, 2025"
1321,Corporate Services Managers,0.46,0.71,Low,High,JSA rates this role with 71% AI augmentation exposure — tasks are highly likely to be reshaped by AI tools. Consider building skills that complement AI.,"JSA Generative AI Capacity Study, 2025"
1322,Finance Managers,0.46,0.75,Low,High,JSA rates this role with 75% AI augmentation exposure — tasks are highly likely to be reshaped by AI tools. Consider building skills that complement AI.,"JSA Generative AI Capacity Study, 2025"
1323,Human Resource Managers,0.36,0.66,Low,Medium,"JSA rates this role with 66% AI augmentation exposure. Some tasks may be assisted by AI, but human judgment stays central.","JSA Generative AI Capacity Study, 2025"
1324,Policy and Planning Managers,0.4,0.71,Low,High,JSA rates this role with 71% AI augmentation exposure — tasks are highly likely to be reshaped by AI tools. Consider building skills that complement AI.,"JSA Generative AI Capacity Study, 2025"
1325,Research and Development Managers,0.43,0.71,Low,High,JSA rates this role with 71% AI augmentation exposure — tasks are highly likely to be reshaped by AI tools. Consider building skills that complement AI.,"JSA Generative AI Capacity Study, 2025"
1331,Construction Managers,0.33,0.7,Low,High,JSA rates this role with 70% AI augmentation exposure — tasks are highly likely to be reshaped by AI tools. Consider building skills that complement AI.,"JSA Generative AI Capacity Study, 2025"
1332,Engineering Managers,0.36,0.71,Low,High,JSA rates this role with 71% AI augmentation exposure — tasks are highly likely to be reshaped by AI tools. Consider building skills that complement AI.,"JSA Generative AI Capacity Study, 2025"
1333,"Importers, Exporters and Wholesalers",0.52,0.73,Medium,High,JSA rates this role with 73% AI augmentation exposure — tasks are highly likely to be reshaped by AI tools. Consider building skills that complement AI.,"JSA Generative AI Capacity Study, 2025"
1334,Manufacturers,0.47,0.7,Low,High,JSA rates this role with 70% AI augmentation exposure — tasks are highly likely to be reshaped by AI tools. Consider building skills that complement AI.,"JSA Generative AI Capacity Study, 2025"
1335,Production Managers,0.42,0.72,Low,High,JSA rates this role with 72% AI augmentation exposure — tasks are highly likely to be reshaped by AI tools. Consider building skills that complement AI.,"JSA Generative AI Capacity Study, 2025"
1336,"Supply, Distribution and Procurement Managers",0.53,0.74,Medium,High,JSA rates this role with 74% AI augmentation exposure — tasks are highly likely to be reshaped by AI tools. Consider building skills that complement AI.,"JSA Generative AI Capacity Study, 2025"
1341,Child Care Centre Managers,0.31,0.65,Low,Medium,"JSA rates this role with 65% AI augmentation exposure. Some tasks may be assisted by AI, but human judgment stays central.","JSA Generative AI Capacity Study, 2025"
1342,Health and Welfare Services Managers,0.32,0.69,Low,Medium,"JSA rates this role with 69% AI augmentation exposure. Some tasks may be assisted by AI, but human judgment stays central.","JSA Generative AI Capacity Study, 2025"
1343,School Principals,0.32,0.66,Low,Medium,"JSA rates this role with 66% AI augmentation exposure. Some tasks may be assisted by AI, but human judgment stays central.","JSA Generative AI Capacity Study, 2025"
1344,Other Education Managers,0.43,0.74,Low,High,JSA rates this role with 74% AI augmentation exposure — tasks are highly likely to be reshaped by AI tools. Consider building skills that complement AI.,"JSA Generative AI Capacity Study, 2025"
1351,ICT Managers,0.38,0.7,Low,High,JSA rates this role with 70% AI augmentation exposure — tasks are highly likely to be reshaped by AI tools. Consider building skills that complement AI.,"JSA Generative AI Capacity Study, 2025"
1391,Commissioned Officers (Management),0.41,0.73,Low,High,JSA rates this role with 73% AI augmentation exposure — tasks are highly likely to be reshaped by AI tools. Consider building skills that complement AI.,"JSA Generative AI Capacity Study, 2025"
1392,Senior Non-Commissioned Defence Force Officers,0.23,0.47,Very Low,Low,JSA rates this role with 47% AI augmentation exposure. Limited AI impact expected — skills in this area are likely to remain in demand.,"JSA Generative AI Capacity Study, 2025"
1399,Other Specialist Managers,0.36,0.7,Low,High,JSA rates this role with 70% AI augmentation exposure — tasks are highly likely to be reshaped by AI tools. Consider building skills that complement AI.,"JSA Generative AI Capacity Study, 2025"
1411,Cafe and Restaurant Managers,0.43,0.69,Low,Medium,"JSA rates this role with 69% AI augmentation exposure. Some tasks may be assisted by AI, but human judgment stays central.","JSA Generative AI Capacity Study, 2025"
1412,Caravan Park and Camping Ground Managers,0.43,0.65,Low,Medium,"JSA rates this role with 65% AI augmentation exposure. Some tasks may be assisted by AI, but human judgment stays central.","JSA Generative AI Capacity Study, 2025"
1413,Hotel and Motel Managers,0.46,0.69,Low,Medium,"JSA rates this role with 69% AI augmentation exposure. Some tasks may be assisted by AI, but human judgment stays central.","JSA Generative AI Capacity Study, 2025"
1414,Licensed Club Managers,0.42,0.7,Low,High,JSA rates this role with 70% AI augmentation exposure — tasks are highly likely to be reshaped by AI tools. Consider building skills that complement AI.,"JSA Generative AI Capacity Study, 2025"
1419,Other Accommodation and Hospitality Managers,0.3,0.7,Low,High,JSA rates this role with 70% AI augmentation exposure — tasks are highly likely to be reshaped by AI tools. Consider building skills that complement AI.,"JSA Generative AI Capacity Study, 2025"
1421,Retail Managers,0.48,0.73,Low,High,JSA rates this role with 73% AI augmentation exposure — tasks are highly likely to be reshaped by AI tools. Consider building skills that complement AI.,"JSA Generative AI Capacity Study, 2025"
1491,"Amusement, Fitness and Sports Centre Managers",0.44,0.73,Low,High,JSA rates this role with 73% AI augmentation exposure — tasks are highly likely to be reshaped by AI tools. Consider building skills that complement AI.,"JSA Generative AI Capacity Study, 2025"
1492,"Call, Contact Centre and Customer Service Managers",0.53,0.71,Medium,High,JSA rates this role with 71% AI augmentation exposure — tasks are highly likely to be reshaped by AI tools. Consider building skills that complement AI.,"JSA Generative AI Capacity Study, 2025"
1493,Conference and Event Organisers,0.53,0.73,Medium,High,JSA rates this role with 73% AI augmentation exposure — tasks are highly likely to be reshaped by AI tools. Consider building skills that complement AI.,"JSA Generative AI Capacity Study, 2025"
1494,Transport Services Managers,0.46,0.73,Low,High,JSA rates this role with 73% AI augmentation exposure — tasks are highly likely to be reshaped by AI tools. Consider building skills that complement AI.,"JSA Generative AI Capacity Study, 2025"
1499,"Other Hospitality, Retail and Service Managers",0.38,0.7,Low,High,JSA rates this role with 70% AI augmentation exposure — tasks are highly likely to be reshaped by AI tools. Consider building skills that complement AI.,"JSA Generative AI Capacity Study, 2025"
2111,"Actors, Dancers and Other Entertainers",0.24,0.58,Very Low,Medium,"JSA rates this role with 57% AI augmentation exposure. Some tasks may be assisted by AI, but human judgment stays central.","JSA Generative AI Capacity Study, 2025"
2112,Music Professionals,0.23,0.62,Very Low,Medium,"JSA rates this role with 62% AI augmentation exposure. Some tasks may be assisted by AI, but human judgment stays central.","JSA Generative AI Capacity Study, 2025"
2113,Photographers,0.24,0.61,Very Low,Medium,"JSA rates this role with 61% AI augmentation exposure. Some tasks may be assisted by AI, but human judgment stays central.","JSA Generative AI Capacity Study, 2025"
2114,Visual Arts and Crafts Professionals,0.16,0.57,Very Low,Medium,"JSA rates this role with 56% AI augmentation exposure. Some tasks may be assisted by AI, but human judgment stays central.","JSA Generative AI Capacity Study, 2025"
2121,"Artistic Directors, Media Producers and Presenters",0.41,0.68,Low,Medium,"JSA rates this role with 68% AI augmentation exposure. Some tasks may be assisted by AI, but human judgment stays central.","JSA Generative AI Capacity Study, 2025"
2122,"Authors, and Book and Script Editors",0.54,0.69,Medium,Medium,"JSA rates this role with 69% AI augmentation exposure. Some tasks may be assisted by AI, but human judgment stays central.","JSA Generative AI Capacity Study, 2025"
2123,"Film, Television, Radio and Stage Directors",0.36,0.69,Low,Medium,"JSA rates this role with 69% AI augmentation exposure. Some tasks may be assisted by AI, but human judgment stays central.","JSA Generative AI Capacity Study, 2025"
2124,Journalists and Other Writers,0.61,0.7,Medium,High,JSA rates this role with 70% AI augmentation exposure — tasks are highly likely to be reshaped by AI tools. Consider building skills that complement AI.,"JSA Generative AI Capacity Study, 2025"
2211,Accountants,0.54,0.73,Medium,High,JSA rates this role with 73% AI augmentation exposure — tasks are highly likely to be reshaped by AI tools. Consider building skills that complement AI.,"JSA Generative AI Capacity Study, 2025"
2212,"Auditors, Company Secretaries and Corporate Treasurers",0.45,0.74,Low,High,JSA rates this role with 74% AI augmentation exposure — tasks are highly likely to be reshaped by AI tools. Consider building skills that complement AI.,"JSA Generative AI Capacity Study, 2025"
2221,Financial Brokers,0.47,0.75,Low,High,JSA rates this role with 75% AI augmentation exposure — tasks are highly likely to be reshaped by AI tools. Consider building skills that complement AI.,"JSA Generative AI Capacity Study, 2025"
2222,Financial Dealers,0.69,0.77,Medium,High,JSA rates this role with 77% AI augmentation exposure — tasks are highly likely to be reshaped by AI tools. Consider building skills that complement AI.,"JSA Generative AI Capacity Study, 2025"
2223,Financial Investment Advisers and Managers,0.48,0.74,Low,High,JSA rates this role with 74% AI augmentation exposure — tasks are highly likely to be reshaped by AI tools. Consider building skills that complement AI.,"JSA Generative AI Capacity Study, 2025"
2231,Human Resource Professionals,0.51,0.68,Medium,Medium,"JSA rates this role with 68% AI augmentation exposure. Some tasks may be assisted by AI, but human judgment stays central.","JSA Generative AI Capacity Study, 2025"
2232,ICT Trainers,0.58,0.75,Medium,High,JSA rates this role with 75% AI augmentation exposure — tasks are highly likely to be reshaped by AI tools. Consider building skills that complement AI.,"JSA Generative AI Capacity Study, 2025"
2233,Training and Development Professionals,0.57,0.76,Medium,High,JSA rates this role with 76% AI augmentation exposure — tasks are highly likely to be reshaped by AI tools. Consider building skills that complement AI.,"JSA Generative AI Capacity Study, 2025"
2241,"Actuaries, Mathematicians and Statisticians",0.58,0.77,Medium,High,JSA rates this role with 77% AI augmentation exposure — tasks are highly likely to be reshaped by AI tools. Consider building skills that complement AI.,"JSA Generative AI Capacity Study, 2025"
2242,"Archivists, Curators and Records Managers",0.5,0.7,Medium,High,JSA rates this role with 70% AI augmentation exposure — tasks are highly likely to be reshaped by AI tools. Consider building skills that complement AI.,"JSA Generative AI Capacity Study, 2025"
2243,Economists,0.59,0.78,Medium,High,JSA rates this role with 78% AI augmentation exposure — tasks are highly likely to be reshaped by AI tools. Consider building skills that complement AI.,"JSA Generative AI Capacity Study, 2025"
2244,Intelligence and Policy Analysts,0.56,0.79,Medium,High,JSA rates this role with 79% AI augmentation exposure — tasks are highly likely to be reshaped by AI tools. Consider building skills that complement AI.,"JSA Generative AI Capacity Study, 2025"
2245,Land Economists and Valuers,0.43,0.71,Low,High,JSA rates this role with 71% AI augmentation exposure — tasks are highly likely to be reshaped by AI tools. Consider building skills that complement AI.,"JSA Generative AI Capacity Study, 2025"
2246,Librarians,0.52,0.7,Medium,High,JSA rates this role with 70% AI augmentation exposure — tasks are highly likely to be reshaped by AI tools. Consider building skills that complement AI.,"JSA Generative AI Capacity Study, 2025"
2247,Management and Organisation Analysts,0.53,0.73,Medium,High,JSA rates this role with 73% AI augmentation exposure — tasks are highly likely to be reshaped by AI tools. Consider building skills that complement AI.,"JSA Generative AI Capacity Study, 2025"
2249,Other Information and Organisation Professionals,0.4,0.7,Low,High,JSA rates this role with 70% AI augmentation exposure — tasks are highly likely to be reshaped by AI tools. Consider building skills that complement AI.,"JSA Generative AI Capacity Study, 2025"
2251,Advertising and Marketing Professionals,0.54,0.79,Medium,High,JSA rates this role with 79% AI augmentation exposure — tasks are highly likely to be reshaped by AI tools. Consider building skills that complement AI.,"JSA Generative AI Capacity Study, 2025"
2252,ICT Sales Professionals,0.58,0.72,Medium,High,JSA rates this role with 72% AI augmentation exposure — tasks are highly likely to be reshaped by AI tools. Consider building skills that complement AI.,"JSA Generative AI Capacity Study, 2025"
2253,Public Relations Professionals,0.46,0.7,Low,High,JSA rates this role with 70% AI augmentation exposure — tasks are highly likely to be reshaped by AI tools. Consider building skills that complement AI.,"JSA Generative AI Capacity Study, 2025"
2254,Technical Sales Representatives,0.64,0.71,Medium,High,JSA rates this role with 71% AI augmentation exposure — tasks are highly likely to be reshaped by AI tools. Consider building skills that complement AI.,"JSA Generative AI Capacity Study, 2025"
2311,Air Transport Professionals,0.31,0.6,Low,Medium,"JSA rates this role with 60% AI augmentation exposure. Some tasks may be assisted by AI, but human judgment stays central.","JSA Generative AI Capacity Study, 2025"
2312,Marine Transport Professionals,0.26,0.63,Low,Medium,"JSA rates this role with 63% AI augmentation exposure. Some tasks may be assisted by AI, but human judgment stays central.","JSA Generative AI Capacity Study, 2025"
2321,Architects and Landscape Architects,0.46,0.72,Low,High,JSA rates this role with 72% AI augmentation exposure — tasks are highly likely to be reshaped by AI tools. Consider building skills that complement AI.,"JSA Generative AI Capacity Study, 2025"
2322,Surveyors and Spatial Scientists,0.4,0.76,Low,High,JSA rates this role with 76% AI augmentation exposure — tasks are highly likely to be reshaped by AI tools. Consider building skills that complement AI.,"JSA Generative AI Capacity Study, 2025"
2323,"Fashion, Industrial and Jewellery Designers",0.39,0.71,Low,High,JSA rates this role with 71% AI augmentation exposure — tasks are highly likely to be reshaped by AI tools. Consider building skills that complement AI.,"JSA Generative AI Capacity Study, 2025"
2324,"Graphic and Web Designers, and Illustrators",0.49,0.64,Low,Medium,"JSA rates this role with 64% AI augmentation exposure. Some tasks may be assisted by AI, but human judgment stays central.","JSA Generative AI Capacity Study, 2025"
2325,Interior Designers,0.43,0.73,Low,High,JSA rates this role with 73% AI augmentation exposure — tasks are highly likely to be reshaped by AI tools. Consider building skills that complement AI.,"JSA Generative AI Capacity Study, 2025"
2326,Urban and Regional Planners,0.45,0.71,Low,High,JSA rates this role with 71% AI augmentation exposure — tasks are highly likely to be reshaped by AI tools. Consider building skills that complement AI.,"JSA Generative AI Capacity Study, 2025"
2331,Chemical and Materials Engineers,0.31,0.72,Low,High,JSA rates this role with 72% AI augmentation exposure — tasks are highly likely to be reshaped by AI tools. Consider building skills that complement AI.,"JSA Generative AI Capacity Study, 2025"
2332,Civil Engineering Professionals,0.33,0.74,Low,High,JSA rates this role with 74% AI augmentation exposure — tasks are highly likely to be reshaped by AI tools. Consider building skills that complement AI.,"JSA Generative AI Capacity Study, 2025"
2333,Electrical Engineers,0.33,0.71,Low,High,JSA rates this role with 71% AI augmentation exposure — tasks are highly likely to be reshaped by AI tools. Consider building skills that complement AI.,"JSA Generative AI Capacity Study, 2025"
2334,Electronics Engineers,0.34,0.76,Low,High,JSA rates this role with 76% AI augmentation exposure — tasks are highly likely to be reshaped by AI tools. Consider building skills that complement AI.,"JSA Generative AI Capacity Study, 2025"
2335,"Industrial, Mechanical and Production Engineers",0.37,0.73,Low,High,JSA rates this role with 73% AI augmentation exposure — tasks are highly likely to be reshaped by AI tools. Consider building skills that complement AI.,"JSA Generative AI Capacity Study, 2025"
2336,Mining Engineers,0.33,0.72,Low,High,JSA rates this role with 72% AI augmentation exposure — tasks are highly likely to be reshaped by AI tools. Consider building skills that complement AI.,"JSA Generative AI Capacity Study, 2025"
2339,Other Engineering Professionals,0.33,0.71,Low,High,JSA rates this role with 71% AI augmentation exposure — tasks are highly likely to be reshaped by AI tools. Consider building skills that complement AI.,"JSA Generative AI Capacity Study, 2025"
2341,Agricultural and Forestry Scientists,0.36,0.75,Low,High,JSA rates this role with 75% AI augmentation exposure — tasks are highly likely to be reshaped by AI tools. Consider building skills that complement AI.,"JSA Generative AI Capacity Study, 2025"
2342,"Chemists, and Food and Wine Scientists",0.33,0.74,Low,High,JSA rates this role with 74% AI augmentation exposure — tasks are highly likely to be reshaped by AI tools. Consider building skills that complement AI.,"JSA Generative AI Capacity Study, 2025"
2343,Environmental Scientists,0.32,0.72,Low,High,JSA rates this role with 72% AI augmentation exposure — tasks are highly likely to be reshaped by AI tools. Consider building skills that complement AI.,"JSA Generative AI Capacity Study, 2025"
2344,"Geologists, Geophysicists and Hydrogeologists",0.33,0.72,Low,High,JSA rates this role with 72% AI augmentation exposure — tasks are highly likely to be reshaped by AI tools. Consider building skills that complement AI.,"JSA Generative AI Capacity Study, 2025"
2345,Life Scientists,0.3,0.74,Low,High,JSA rates this role with 74% AI augmentation exposure — tasks are highly likely to be reshaped by AI tools. Consider building skills that complement AI.,"JSA Generative AI Capacity Study, 2025"
2346,Medical Laboratory Scientists,0.34,0.71,Low,High,JSA rates this role with 71% AI augmentation exposure — tasks are highly likely to be reshaped by AI tools. Consider building skills that complement AI.,"JSA Generative AI Capacity Study, 2025"
2347,Veterinarians,0.22,0.6,Very Low,Medium,"JSA rates this role with 60% AI augmentation exposure. Some tasks may be assisted by AI, but human judgment stays central.","JSA Generative AI Capacity Study, 2025"
2349,Other Natural and Physical Science Professionals,0.33,0.75,Low,High,JSA rates this role with 75% AI augmentation exposure — tasks are highly likely to be reshaped by AI tools. Consider building skills that complement AI.,"JSA Generative AI Capacity Study, 2025"
2411,Early Childhood (Pre-primary School) Teachers,0.27,0.64,Low,Medium,"JSA rates this role with 64% AI augmentation exposure. Some tasks may be assisted by AI, but human judgment stays central.","JSA Generative AI Capacity Study, 2025"
2412,Primary School Teachers,0.32,0.63,Low,Medium,"JSA rates this role with 63% AI augmentation exposure. Some tasks may be assisted by AI, but human judgment stays central.","JSA Generative AI Capacity Study, 2025"
2413,Middle School Teachers,0.34,0.6,Low,Medium,"JSA rates this role with 60% AI augmentation exposure. Some tasks may be assisted by AI, but human judgment stays central.","JSA Generative AI Capacity Study, 2025"
2414,Secondary School Teachers,0.35,0.6,Low,Medium,"JSA rates this role with 60% AI augmentation exposure. Some tasks may be assisted by AI, but human judgment stays central.","JSA Generative AI Capacity Study, 2025"
2415,Special Education Teachers,0.36,0.71,Low,High,JSA rates this role with 71% AI augmentation exposure — tasks are highly likely to be reshaped by AI tools. Consider building skills that complement AI.,"JSA Generative AI Capacity Study, 2025"
2421,University Lecturers and Tutors,0.43,0.68,Low,Medium,"JSA rates this role with 68% AI augmentation exposure. Some tasks may be assisted by AI, but human judgment stays central.","JSA Generative AI Capacity Study, 2025"
2422,Vocational Education Teachers,0.48,0.71,Low,High,JSA rates this role with 71% AI augmentation exposure — tasks are highly likely to be reshaped by AI tools. Consider building skills that complement AI.,"JSA Generative AI Capacity Study, 2025"
2491,Education Advisers and Reviewers,0.39,0.71,Low,High,JSA rates this role with 71% AI augmentation exposure — tasks are highly likely to be reshaped by AI tools. Consider building skills that complement AI.,"JSA Generative AI Capacity Study, 2025"
2492,Private Tutors and Teachers,0.51,0.73,Medium,High,JSA rates this role with 73% AI augmentation exposure — tasks are highly likely to be reshaped by AI tools. Consider building skills that complement AI.,"JSA Generative AI Capacity Study, 2025"
2493,Teachers of English to Speakers of Other Languages,0.56,0.74,Medium,High,JSA rates this role with 74% AI augmentation exposure — tasks are highly likely to be reshaped by AI tools. Consider building skills that complement AI.,"JSA Generative AI Capacity Study, 2025"
2511,Nutrition Professionals,0.4,0.76,Low,High,JSA rates this role with 76% AI augmentation exposure — tasks are highly likely to be reshaped by AI tools. Consider building skills that complement AI.,"JSA Generative AI Capacity Study, 2025"
2512,Medical Imaging Professionals,0.3,0.61,Low,Medium,"JSA rates this role with 61% AI augmentation exposure. Some tasks may be assisted by AI, but human judgment stays central.","JSA Generative AI Capacity Study, 2025"
2513,Occupational and Environmental Health Professionals,0.36,0.72,Low,High,JSA rates this role with 72% AI augmentation exposure — tasks are highly likely to be reshaped by AI tools. Consider building skills that complement AI.,"JSA Generative AI Capacity Study, 2025"
2514,Optometrists and Orthoptists,0.23,0.68,Very Low,Medium,"JSA rates this role with 68% AI augmentation exposure. Some tasks may be assisted by AI, but human judgment stays central.","JSA Generative AI Capacity Study, 2025"
2515,Pharmacists,0.32,0.68,Low,Medium,"JSA rates this role with 68% AI augmentation exposure. Some tasks may be assisted by AI, but human judgment stays central.","JSA Generative AI Capacity Study, 2025"
2519,Other Health Diagnostic and Promotion Professionals,0.3,0.65,Low,Medium,"JSA rates this role with 65% AI augmentation exposure. Some tasks may be assisted by AI, but human judgment stays central.","JSA Generative AI Capacity Study, 2025"
2521,Chiropractors and Osteopaths,0.33,0.66,Low,Medium,"JSA rates this role with 66% AI augmentation exposure. Some tasks may be assisted by AI, but human judgment stays central.","JSA Generative AI Capacity Study, 2025"
2522,Complementary Health Therapists,0.28,0.64,Low,Medium,"JSA rates this role with 64% AI augmentation exposure. Some tasks may be assisted by AI, but human judgment stays central.","JSA Generative AI Capacity Study, 2025"
2523,Dental Practitioners,0.19,0.66,Very Low,Medium,"JSA rates this role with 66% AI augmentation exposure. Some tasks may be assisted by AI, but human judgment stays central.","JSA Generative AI Capacity Study, 2025"
2524,Occupational Therapists,0.3,0.66,Low,Medium,"JSA rates this role with 66% AI augmentation exposure. Some tasks may be assisted by AI, but human judgment stays central.","JSA Generative AI Capacity Study, 2025"
2525,Physiotherapists,0.3,0.67,Low,Medium,"JSA rates this role with 67% AI augmentation exposure. Some tasks may be assisted by AI, but human judgment stays central.","JSA Generative AI Capacity Study, 2025"
2526,Podiatrists,0.24,0.6,Very Low,Medium,"JSA rates this role with 60% AI augmentation exposure. Some tasks may be assisted by AI, but human judgment stays central.","JSA Generative AI Capacity Study, 2025"
2527,Audiologists and Speech Pathologists \ Therapists,0.3,0.69,Low,Medium,"JSA rates this role with 69% AI augmentation exposure. Some tasks may be assisted by AI, but human judgment stays central.","JSA Generative AI Capacity Study, 2025"
2531,General Practitioners and Resident Medical Officers,0.34,0.7,Low,High,JSA rates this role with 70% AI augmentation exposure — tasks are highly likely to be reshaped by AI tools. Consider building skills that complement AI.,"JSA Generative AI Capacity Study, 2025"
2532,Anaesthetists,0.2,0.63,Very Low,Medium,"JSA rates this role with 63% AI augmentation exposure. Some tasks may be assisted by AI, but human judgment stays central.","JSA Generative AI Capacity Study, 2025"
2533,Specialist Physicians,0.3,0.7,Low,High,JSA rates this role with 70% AI augmentation exposure — tasks are highly likely to be reshaped by AI tools. Consider building skills that complement AI.,"JSA Generative AI Capacity Study, 2025"
2534,Psychiatrists,0.25,0.61,Low,Medium,"JSA rates this role with 61% AI augmentation exposure. Some tasks may be assisted by AI, but human judgment stays central.","JSA Generative AI Capacity Study, 2025"
2535,Surgeons,0.28,0.64,Low,Medium,"JSA rates this role with 64% AI augmentation exposure. Some tasks may be assisted by AI, but human judgment stays central.","JSA Generative AI Capacity Study, 2025"
2539,Other Medical Practitioners,0.2,0.7,Very Low,High,JSA rates this role with 70% AI augmentation exposure — tasks are highly likely to be reshaped by AI tools. Consider building skills that complement AI.,"JSA Generative AI Capacity Study, 2025"
2541,Midwives,0.3,0.67,Low,Medium,"JSA rates this role with 67% AI augmentation exposure. Some tasks may be assisted by AI, but human judgment stays central.","JSA Generative AI Capacity Study, 2025"
2542,Nurse Educators and Researchers,0.36,0.7,Low,High,JSA rates this role with 70% AI augmentation exposure — tasks are highly likely to be reshaped by AI tools. Consider building skills that complement AI.,"JSA Generative AI Capacity Study, 2025"
2543,Nurse Managers,0.28,0.68,Low,Medium,"JSA rates this role with 68% AI augmentation exposure. Some tasks may be assisted by AI, but human judgment stays central.","JSA Generative AI Capacity Study, 2025"
2544,Registered Nurses,0.3,0.67,Low,Medium,"JSA rates this role with 67% AI augmentation exposure. Some tasks may be assisted by AI, but human judgment stays central.","JSA Generative AI Capacity Study, 2025"
2611,ICT Business and Systems Analysts,0.58,0.77,Medium,High,JSA rates this role with 77% AI augmentation exposure — tasks are highly likely to be reshaped by AI tools. Consider building skills that complement AI.,"JSA Generative AI Capacity Study, 2025"
2612,Multimedia Specialists and Web Developers,0.44,0.76,Low,High,JSA rates this role with 76% AI augmentation exposure — tasks are highly likely to be reshaped by AI tools. Consider building skills that complement AI.,"JSA Generative AI Capacity Study, 2025"
2613,Software and Applications Programmers,0.63,0.77,Medium,High,JSA rates this role with 77% AI augmentation exposure — tasks are highly likely to be reshaped by AI tools. Consider building skills that complement AI.,"JSA Generative AI Capacity Study, 2025"
2621,"Database and Systems Administrators, and ICT Security Specialists",0.48,0.71,Low,High,JSA rates this role with 71% AI augmentation exposure — tasks are highly likely to be reshaped by AI tools. Consider building skills that complement AI.,"JSA Generative AI Capacity Study, 2025"
2631,Computer Network Professionals,0.45,0.71,Low,High,JSA rates this role with 71% AI augmentation exposure — tasks are highly likely to be reshaped by AI tools. Consider building skills that complement AI.,"JSA Generative AI Capacity Study, 2025"
2632,ICT Support and Test Engineers,0.57,0.75,Medium,High,JSA rates this role with 75% AI augmentation exposure — tasks are highly likely to be reshaped by AI tools. Consider building skills that complement AI.,"JSA Generative AI Capacity Study, 2025"
2633,Telecommunications Engineering Professionals,0.41,0.72,Low,High,JSA rates this role with 72% AI augmentation exposure — tasks are highly likely to be reshaped by AI tools. Consider building skills that complement AI.,"JSA Generative AI Capacity Study, 2025"
2711,Barristers,0.43,0.65,Low,Medium,"JSA rates this role with 65% AI augmentation exposure. Some tasks may be assisted by AI, but human judgment stays central.","JSA Generative AI Capacity Study, 2025"
2712,Judicial and Other Legal Professionals,0.34,0.58,Low,Medium,"JSA rates this role with 57% AI augmentation exposure. Some tasks may be assisted by AI, but human judgment stays central.","JSA Generative AI Capacity Study, 2025"
2713,Solicitors,0.34,0.61,Low,Medium,"JSA rates this role with 61% AI augmentation exposure. Some tasks may be assisted by AI, but human judgment stays central.","JSA Generative AI Capacity Study, 2025"
2721,Counsellors,0.37,0.67,Low,Medium,"JSA rates this role with 67% AI augmentation exposure. Some tasks may be assisted by AI, but human judgment stays central.","JSA Generative AI Capacity Study, 2025"
2722,Ministers of Religion,0.31,0.54,Low,Medium,"JSA rates this role with 54% AI augmentation exposure. Some tasks may be assisted by AI, but human judgment stays central.","JSA Generative AI Capacity Study, 2025"
2723,Psychologists and Psychotherapists,0.43,0.69,Low,Medium,"JSA rates this role with 69% AI augmentation exposure. Some tasks may be assisted by AI, but human judgment stays central.","JSA Generative AI Capacity Study, 2025"
2724,Social Professionals,0.47,0.71,Low,High,JSA rates this role with 71% AI augmentation exposure — tasks are highly likely to be reshaped by AI tools. Consider building skills that complement AI.,"JSA Generative AI Capacity Study, 2025"
2725,Social Workers,0.33,0.7,Low,High,JSA rates this role with 70% AI augmentation exposure — tasks are highly likely to be reshaped by AI tools. Consider building skills that complement AI.,"JSA Generative AI Capacity Study, 2025"
2726,"Welfare, Recreation and Community Arts Workers",0.39,0.67,Low,Medium,"JSA rates this role with 67% AI augmentation exposure. Some tasks may be assisted by AI, but human judgment stays central.","JSA Generative AI Capacity Study, 2025"
3111,Agricultural Technicians,0.41,0.72,Low,High,JSA rates this role with 72% AI augmentation exposure — tasks are highly likely to be reshaped by AI tools. Consider building skills that complement AI.,"JSA Generative AI Capacity Study, 2025"
3112,Medical Technicians,0.29,0.69,Low,Medium,"JSA rates this role with 69% AI augmentation exposure. Some tasks may be assisted by AI, but human judgment stays central.","JSA Generative AI Capacity Study, 2025"
3113,Primary Products Inspectors,0.34,0.65,Low,Medium,"JSA rates this role with 65% AI augmentation exposure. Some tasks may be assisted by AI, but human judgment stays central.","JSA Generative AI Capacity Study, 2025"
3114,Science Technicians,0.4,0.72,Low,High,JSA rates this role with 72% AI augmentation exposure — tasks are highly likely to be reshaped by AI tools. Consider building skills that complement AI.,"JSA Generative AI Capacity Study, 2025"
3121,"Architectural, Building and Surveying Technicians",0.51,0.74,Medium,High,JSA rates this role with 74% AI augmentation exposure — tasks are highly likely to be reshaped by AI tools. Consider building skills that complement AI.,"JSA Generative AI Capacity Study, 2025"
3122,Civil Engineering Draftspersons and Technicians,0.4,0.69,Low,Medium,"JSA rates this role with 69% AI augmentation exposure. Some tasks may be assisted by AI, but human judgment stays central.","JSA Generative AI Capacity Study, 2025"
3123,"Electrical Engineering Draftspersons, Technicians",0.48,0.72,Low,High,JSA rates this role with 72% AI augmentation exposure — tasks are highly likely to be reshaped by AI tools. Consider building skills that complement AI.,"JSA Generative AI Capacity Study, 2025"
3124,"Electronic Engineering Draftspersons, Technicians",0.47,0.74,Low,High,JSA rates this role with 74% AI augmentation exposure — tasks are highly likely to be reshaped by AI tools. Consider building skills that complement AI.,"JSA Generative AI Capacity Study, 2025"
3125,"Mechanical Engineering Draftspersons, Technicians",0.42,0.7,Low,High,JSA rates this role with 70% AI augmentation exposure — tasks are highly likely to be reshaped by AI tools. Consider building skills that complement AI.,"JSA Generative AI Capacity Study, 2025"
3126,Safety Inspectors,0.38,0.69,Low,Medium,"JSA rates this role with 69% AI augmentation exposure. Some tasks may be assisted by AI, but human judgment stays central.","JSA Generative AI Capacity Study, 2025"
3129,Other Building and Engineering Technicians,0.33,0.67,Low,Medium,"JSA rates this role with 67% AI augmentation exposure. Some tasks may be assisted by AI, but human judgment stays central.","JSA Generative AI Capacity Study, 2025"
3131,ICT Support Technicians,0.53,0.69,Medium,Medium,"JSA rates this role with 69% AI augmentation exposure. Some tasks may be assisted by AI, but human judgment stays central.","JSA Generative AI Capacity Study, 2025"
3132,Telecommunications Technical Specialists,0.46,0.69,Low,Medium,"JSA rates this role with 69% AI augmentation exposure. Some tasks may be assisted by AI, but human judgment stays central.","JSA Generative AI Capacity Study, 2025"
3211,Automotive Electricians,0.24,0.58,Very Low,Medium,"JSA rates this role with 57% AI augmentation exposure. Some tasks may be assisted by AI, but human judgment stays central.","JSA Generative AI Capacity Study, 2025"
3212,Motor Mechanics,0.25,0.59,Low,Medium,"JSA rates this role with 59% AI augmentation exposure. Some tasks may be assisted by AI, but human judgment stays central.","JSA Generative AI Capacity Study, 2025"
3221,"Metal Casting, Forging and Finishing Trades",0.18,0.52,Very Low,Medium,"JSA rates this role with 52% AI augmentation exposure. Some tasks may be assisted by AI, but human judgment stays central.","JSA Generative AI Capacity Study, 2025"
3222,Sheetmetal Trades Workers,0.25,0.58,Low,Medium,"JSA rates this role with 57% AI augmentation exposure. Some tasks may be assisted by AI, but human judgment stays central.","JSA Generative AI Capacity Study, 2025"
3223,Structural Steel and Welding Trades Workers,0.2,0.58,Very Low,Medium,"JSA rates this role with 57% AI augmentation exposure. Some tasks may be assisted by AI, but human judgment stays central.","JSA Generative AI Capacity Study, 2025"
3231,Aircraft Maintenance Engineers,0.26,0.64,Low,Medium,"JSA rates this role with 64% AI augmentation exposure. Some tasks may be assisted by AI, but human judgment stays central.","JSA Generative AI Capacity Study, 2025"
3232,Metal Fitters and Machinists,0.22,0.62,Very Low,Medium,"JSA rates this role with 62% AI augmentation exposure. Some tasks may be assisted by AI, but human judgment stays central.","JSA Generative AI Capacity Study, 2025"
3233,Precision Metal Trades Workers,0.28,0.64,Low,Medium,"JSA rates this role with 64% AI augmentation exposure. Some tasks may be assisted by AI, but human judgment stays central.","JSA Generative AI Capacity Study, 2025"
3234,Toolmakers and Engineering Patternmakers,0.22,0.63,Very Low,Medium,"JSA rates this role with 63% AI augmentation exposure. Some tasks may be assisted by AI, but human judgment stays central.","JSA Generative AI Capacity Study, 2025"
3241,Panelbeaters,0.11,0.41,Very Low,Low,JSA rates this role with 41% AI augmentation exposure. Limited AI impact expected — skills in this area are likely to remain in demand.,"JSA Generative AI Capacity Study, 2025"
3242,Vehicle Body Builders and Trimmers,0.23,0.49,Very Low,Low,JSA rates this role with 49% AI augmentation exposure. Limited AI impact expected — skills in this area are likely to remain in demand.,"JSA Generative AI Capacity Study, 2025"
3243,Vehicle Painters,0.13,0.52,Very Low,Medium,"JSA rates this role with 52% AI augmentation exposure. Some tasks may be assisted by AI, but human judgment stays central.","JSA Generative AI Capacity Study, 2025"
3311,Bricklayers and Stonemasons,0.17,0.49,Very Low,Low,JSA rates this role with 49% AI augmentation exposure. Limited AI impact expected — skills in this area are likely to remain in demand.,"JSA Generative AI Capacity Study, 2025"
3312,Carpenters and Joiners,0.18,0.6,Very Low,Medium,"JSA rates this role with 60% AI augmentation exposure. Some tasks may be assisted by AI, but human judgment stays central.","JSA Generative AI Capacity Study, 2025"
3321,Floor Finishers,0.23,0.5,Very Low,Medium,"JSA rates this role with 50% AI augmentation exposure. Some tasks may be assisted by AI, but human judgment stays central.","JSA Generative AI Capacity Study, 2025"
3322,Painting Trades Workers,0.13,0.46,Very Low,Low,JSA rates this role with 46% AI augmentation exposure. Limited AI impact expected — skills in this area are likely to remain in demand.,"JSA Generative AI Capacity Study, 2025"
3331,Glaziers,0.19,0.56,Very Low,Medium,"JSA rates this role with 56% AI augmentation exposure. Some tasks may be assisted by AI, but human judgment stays central.","JSA Generative AI Capacity Study, 2025"
3332,Plasterers,0.12,0.44,Very Low,Low,JSA rates this role with 44% AI augmentation exposure. Limited AI impact expected — skills in this area are likely to remain in demand.,"JSA Generative AI Capacity Study, 2025"
3333,Roof Tilers,0.13,0.44,Very Low,Low,JSA rates this role with 44% AI augmentation exposure. Limited AI impact expected — skills in this area are likely to remain in demand.,"JSA Generative AI Capacity Study, 2025"
3334,Wall and Floor Tilers,0.12,0.63,Very Low,Medium,"JSA rates this role with 63% AI augmentation exposure. Some tasks may be assisted by AI, but human judgment stays central.","JSA Generative AI Capacity Study, 2025"
3341,Plumbers,0.15,0.59,Very Low,Medium,"JSA rates this role with 59% AI augmentation exposure. Some tasks may be assisted by AI, but human judgment stays central.","JSA Generative AI Capacity Study, 2025"
3411,Electricians,0.16,0.57,Very Low,Medium,"JSA rates this role with 56% AI augmentation exposure. Some tasks may be assisted by AI, but human judgment stays central.","JSA Generative AI Capacity Study, 2025"
3421,Airconditioning and Refrigeration Mechanics,0.26,0.56,Low,Medium,"JSA rates this role with 56% AI augmentation exposure. Some tasks may be assisted by AI, but human judgment stays central.","JSA Generative AI Capacity Study, 2025"
3422,Electrical Distribution Trades Workers,0.15,0.57,Very Low,Medium,"JSA rates this role with 56% AI augmentation exposure. Some tasks may be assisted by AI, but human judgment stays central.","JSA Generative AI Capacity Study, 2025"
3423,Electronics Trades Workers,0.41,0.67,Low,Medium,"JSA rates this role with 67% AI augmentation exposure. Some tasks may be assisted by AI, but human judgment stays central.","JSA Generative AI Capacity Study, 2025"
3424,Telecommunications Trades Workers,0.24,0.58,Very Low,Medium,"JSA rates this role with 57% AI augmentation exposure. Some tasks may be assisted by AI, but human judgment stays central.","JSA Generative AI Capacity Study, 2025"
3511,Bakers and Pastrycooks,0.23,0.54,Very Low,Medium,"JSA rates this role with 54% AI augmentation exposure. Some tasks may be assisted by AI, but human judgment stays central.","JSA Generative AI Capacity Study, 2025"
3512,Butchers and Smallgoods Makers,0.3,0.58,Low,Medium,"JSA rates this role with 57% AI augmentation exposure. Some tasks may be assisted by AI, but human judgment stays central.","JSA Generative AI Capacity Study, 2025"
3513,Chefs,0.31,0.65,Low,Medium,"JSA rates this role with 65% AI augmentation exposure. Some tasks may be assisted by AI, but human judgment stays central.","JSA Generative AI Capacity Study, 2025"
3514,Cooks,0.22,0.61,Very Low,Medium,"JSA rates this role with 61% AI augmentation exposure. Some tasks may be assisted by AI, but human judgment stays central.","JSA Generative AI Capacity Study, 2025"
3611,Animal Attendants and Trainers,0.2,0.53,Very Low,Medium,"JSA rates this role with 53% AI augmentation exposure. Some tasks may be assisted by AI, but human judgment stays central.","JSA Generative AI Capacity Study, 2025"
3612,Shearers,0.16,0.38,Very Low,Low,JSA rates this role with 38% AI augmentation exposure. Limited AI impact expected — skills in this area are likely to remain in demand.,"JSA Generative AI Capacity Study, 2025"
3613,Veterinary Nurses,0.31,0.57,Low,Medium,"JSA rates this role with 56% AI augmentation exposure. Some tasks may be assisted by AI, but human judgment stays central.","JSA Generative AI Capacity Study, 2025"
3621,Florists,0.28,0.6,Low,Medium,"JSA rates this role with 60% AI augmentation exposure. Some tasks may be assisted by AI, but human judgment stays central.","JSA Generative AI Capacity Study, 2025"
3622,Gardeners,0.19,0.54,Very Low,Medium,"JSA rates this role with 54% AI augmentation exposure. Some tasks may be assisted by AI, but human judgment stays central.","JSA Generative AI Capacity Study, 2025"
3623,Greenkeepers,0.2,0.51,Very Low,Medium,"JSA rates this role with 51% AI augmentation exposure. Some tasks may be assisted by AI, but human judgment stays central.","JSA Generative AI Capacity Study, 2025"
3624,Nurserypersons,0.33,0.61,Low,Medium,"JSA rates this role with 61% AI augmentation exposure. Some tasks may be assisted by AI, but human judgment stays central.","JSA Generative AI Capacity Study, 2025"
3911,Hairdressers,0.24,0.47,Very Low,Low,JSA rates this role with 47% AI augmentation exposure. Limited AI impact expected — skills in this area are likely to remain in demand.,"JSA Generative AI Capacity Study, 2025"
3921,Print Finishers and Screen Printers,0.25,0.59,Low,Medium,"JSA rates this role with 59% AI augmentation exposure. Some tasks may be assisted by AI, but human judgment stays central.","JSA Generative AI Capacity Study, 2025"
3922,Graphic Pre-press Trades Workers,0.31,0.73,Low,High,JSA rates this role with 73% AI augmentation exposure — tasks are highly likely to be reshaped by AI tools. Consider building skills that complement AI.,"JSA Generative AI Capacity Study, 2025"
3923,Printers,0.28,0.53,Low,Medium,"JSA rates this role with 53% AI augmentation exposure. Some tasks may be assisted by AI, but human judgment stays central.","JSA Generative AI Capacity Study, 2025"
3931,Canvas and Leather Goods Makers,0.23,0.63,Very Low,Medium,"JSA rates this role with 63% AI augmentation exposure. Some tasks may be assisted by AI, but human judgment stays central.","JSA Generative AI Capacity Study, 2025"
3932,Clothing Trades Workers,0.27,0.6,Low,Medium,"JSA rates this role with 60% AI augmentation exposure. Some tasks may be assisted by AI, but human judgment stays central.","JSA Generative AI Capacity Study, 2025"
3933,Upholsterers,0.15,0.45,Very Low,Low,JSA rates this role with 45% AI augmentation exposure. Limited AI impact expected — skills in this area are likely to remain in demand.,"JSA Generative AI Capacity Study, 2025"
3941,Cabinetmakers,0.23,0.63,Very Low,Medium,"JSA rates this role with 63% AI augmentation exposure. Some tasks may be assisted by AI, but human judgment stays central.","JSA Generative AI Capacity Study, 2025"
3942,Wood Machinists and Other Wood Trades Workers,0.26,0.58,Low,Medium,"JSA rates this role with 57% AI augmentation exposure. Some tasks may be assisted by AI, but human judgment stays central.","JSA Generative AI Capacity Study, 2025"
3991,Boat Builders and Shipwrights,0.22,0.6,Very Low,Medium,"JSA rates this role with 60% AI augmentation exposure. Some tasks may be assisted by AI, but human judgment stays central.","JSA Generative AI Capacity Study, 2025"
3992,"Chemical, Gas, Petroleum and Power Plant Operators",0.4,0.69,Low,Medium,"JSA rates this role with 69% AI augmentation exposure. Some tasks may be assisted by AI, but human judgment stays central.","JSA Generative AI Capacity Study, 2025"
3993,"Gallery, Library and Museum Technicians",0.47,0.68,Low,Medium,"JSA rates this role with 68% AI augmentation exposure. Some tasks may be assisted by AI, but human judgment stays central.","JSA Generative AI Capacity Study, 2025"
3994,Jewellers,0.19,0.58,Very Low,Medium,"JSA rates this role with 57% AI augmentation exposure. Some tasks may be assisted by AI, but human judgment stays central.","JSA Generative AI Capacity Study, 2025"
3995,Performing Arts Technicians,0.21,0.63,Very Low,Medium,"JSA rates this role with 63% AI augmentation exposure. Some tasks may be assisted by AI, but human judgment stays central.","JSA Generative AI Capacity Study, 2025"
3996,Signwriters,0.36,0.56,Low,Medium,"JSA rates this role with 56% AI augmentation exposure. Some tasks may be assisted by AI, but human judgment stays central.","JSA Generative AI Capacity Study, 2025"
3999,Other Miscellaneous Technicians and Trades Workers,0.3,0.61,Low,Medium,"JSA rates this role with 61% AI augmentation exposure. Some tasks may be assisted by AI, but human judgment stays central.","JSA Generative AI Capacity Study, 2025"
4111,Ambulance Officers and Paramedics,0.25,0.55,Low,Medium,"JSA rates this role with 55% AI augmentation exposure. Some tasks may be assisted by AI, but human judgment stays central.","JSA Generative AI Capacity Study, 2025"
4112,"Dental Hygienists, Technicians and Therapists",0.15,0.59,Very Low,Medium,"JSA rates this role with 59% AI augmentation exposure. Some tasks may be assisted by AI, but human judgment stays central.","JSA Generative AI Capacity Study, 2025"
4113,Diversional Therapists,0.38,0.69,Low,Medium,"JSA rates this role with 69% AI augmentation exposure. Some tasks may be assisted by AI, but human judgment stays central.","JSA Generative AI Capacity Study, 2025"
4114,Enrolled and Mothercraft Nurses,0.26,0.63,Low,Medium,"JSA rates this role with 63% AI augmentation exposure. Some tasks may be assisted by AI, but human judgment stays central.","JSA Generative AI Capacity Study, 2025"
4115,Indigenous Health Workers,0.37,0.7,Low,High,JSA rates this role with 70% AI augmentation exposure — tasks are highly likely to be reshaped by AI tools. Consider building skills that complement AI.,"JSA Generative AI Capacity Study, 2025"
4116,Massage Therapists,0.13,0.43,Very Low,Low,JSA rates this role with 43% AI augmentation exposure. Limited AI impact expected — skills in this area are likely to remain in demand.,"JSA Generative AI Capacity Study, 2025"
4117,Welfare Support Workers,0.42,0.69,Low,Medium,"JSA rates this role with 69% AI augmentation exposure. Some tasks may be assisted by AI, but human judgment stays central.","JSA Generative AI Capacity Study, 2025"
4211,Child Carers,0.2,0.64,Very Low,Medium,"JSA rates this role with 64% AI augmentation exposure. Some tasks may be assisted by AI, but human judgment stays central.","JSA Generative AI Capacity Study, 2025"
4221,Education Aides,0.31,0.65,Low,Medium,"JSA rates this role with 65% AI augmentation exposure. Some tasks may be assisted by AI, but human judgment stays central.","JSA Generative AI Capacity Study, 2025"
4231,Aged and Disabled Carers,0.21,0.47,Very Low,Low,JSA rates this role with 47% AI augmentation exposure. Limited AI impact expected — skills in this area are likely to remain in demand.,"JSA Generative AI Capacity Study, 2025"
4232,Dental Assistants,0.33,0.6,Low,Medium,"JSA rates this role with 60% AI augmentation exposure. Some tasks may be assisted by AI, but human judgment stays central.","JSA Generative AI Capacity Study, 2025"
4233,Nursing Support and Personal Care Workers,0.26,0.6,Low,Medium,"JSA rates this role with 60% AI augmentation exposure. Some tasks may be assisted by AI, but human judgment stays central.","JSA Generative AI Capacity Study, 2025"
4234,Special Care Workers,0.23,0.57,Very Low,Medium,"JSA rates this role with 56% AI augmentation exposure. Some tasks may be assisted by AI, but human judgment stays central.","JSA Generative AI Capacity Study, 2025"
4311,Bar Attendants and Baristas,0.24,0.49,Very Low,Low,JSA rates this role with 49% AI augmentation exposure. Limited AI impact expected — skills in this area are likely to remain in demand.,"JSA Generative AI Capacity Study, 2025"
4312,Cafe Workers,0.23,0.46,Very Low,Low,JSA rates this role with 46% AI augmentation exposure. Limited AI impact expected — skills in this area are likely to remain in demand.,"JSA Generative AI Capacity Study, 2025"
4313,Gaming Workers,0.33,0.55,Low,Medium,"JSA rates this role with 55% AI augmentation exposure. Some tasks may be assisted by AI, but human judgment stays central.","JSA Generative AI Capacity Study, 2025"
4314,Hotel Service Managers,0.43,0.69,Low,Medium,"JSA rates this role with 69% AI augmentation exposure. Some tasks may be assisted by AI, but human judgment stays central.","JSA Generative AI Capacity Study, 2025"
4315,Waiters,0.28,0.44,Low,Low,JSA rates this role with 44% AI augmentation exposure. Limited AI impact expected — skills in this area are likely to remain in demand.,"JSA Generative AI Capacity Study, 2025"
4319,Other Hospitality Workers,0.29,0.43,Low,Low,JSA rates this role with 43% AI augmentation exposure. Limited AI impact expected — skills in this area are likely to remain in demand.,"JSA Generative AI Capacity Study, 2025"
4411,Defence Force Members - Other Ranks,0.17,0.43,Very Low,Low,JSA rates this role with 43% AI augmentation exposure. Limited AI impact expected — skills in this area are likely to remain in demand.,"JSA Generative AI Capacity Study, 2025"
4412,Fire and Emergency Workers,0.18,0.51,Very Low,Medium,"JSA rates this role with 51% AI augmentation exposure. Some tasks may be assisted by AI, but human judgment stays central.","JSA Generative AI Capacity Study, 2025"
4413,Police,0.27,0.66,Low,Medium,"JSA rates this role with 66% AI augmentation exposure. Some tasks may be assisted by AI, but human judgment stays central.","JSA Generative AI Capacity Study, 2025"
4421,Prison Officers,0.24,0.45,Very Low,Low,JSA rates this role with 45% AI augmentation exposure. Limited AI impact expected — skills in this area are likely to remain in demand.,"JSA Generative AI Capacity Study, 2025"
4422,Security Officers and Guards,0.33,0.61,Low,Medium,"JSA rates this role with 61% AI augmentation exposure. Some tasks may be assisted by AI, but human judgment stays central.","JSA Generative AI Capacity Study, 2025"
4511,Beauty Therapists,0.33,0.59,Low,Medium,"JSA rates this role with 59% AI augmentation exposure. Some tasks may be assisted by AI, but human judgment stays central.","JSA Generative AI Capacity Study, 2025"
4512,Driving Instructors,0.33,0.65,Low,Medium,"JSA rates this role with 65% AI augmentation exposure. Some tasks may be assisted by AI, but human judgment stays central.","JSA Generative AI Capacity Study, 2025"
4513,Funeral Workers,0.34,0.47,Low,Low,JSA rates this role with 47% AI augmentation exposure. Limited AI impact expected — skills in this area are likely to remain in demand.,"JSA Generative AI Capacity Study, 2025"
4514,"Gallery, Museum and Tour Guides",0.48,0.62,Low,Medium,"JSA rates this role with 62% AI augmentation exposure. Some tasks may be assisted by AI, but human judgment stays central.","JSA Generative AI Capacity Study, 2025"
4515,Personal Care Consultants,0.29,0.67,Low,Medium,"JSA rates this role with 67% AI augmentation exposure. Some tasks may be assisted by AI, but human judgment stays central.","JSA Generative AI Capacity Study, 2025"
4516,Tourism and Travel Advisers,0.73,0.75,High,High,JSA rates this role with 75% AI augmentation exposure — tasks are highly likely to be reshaped by AI tools. Consider building skills that complement AI.,"JSA Generative AI Capacity Study, 2025"
4517,Travel Attendants,0.26,0.53,Low,Medium,"JSA rates this role with 53% AI augmentation exposure. Some tasks may be assisted by AI, but human judgment stays central.","JSA Generative AI Capacity Study, 2025"
4518,Other Personal Service Workers,0.25,0.4,Low,Low,JSA rates this role with 40% AI augmentation exposure. Limited AI impact expected — skills in this area are likely to remain in demand.,"JSA Generative AI Capacity Study, 2025"
4521,Fitness Instructors,0.3,0.62,Low,Medium,"JSA rates this role with 62% AI augmentation exposure. Some tasks may be assisted by AI, but human judgment stays central.","JSA Generative AI Capacity Study, 2025"
4522,Outdoor Adventure Guides,0.33,0.54,Low,Medium,"JSA rates this role with 54% AI augmentation exposure. Some tasks may be assisted by AI, but human judgment stays central.","JSA Generative AI Capacity Study, 2025"
4523,"Sports Coaches, Instructors and Officials",0.34,0.66,Low,Medium,"JSA rates this role with 66% AI augmentation exposure. Some tasks may be assisted by AI, but human judgment stays central.","JSA Generative AI Capacity Study, 2025"
4524,Sportspersons,0.19,0.53,Very Low,Medium,"JSA rates this role with 53% AI augmentation exposure. Some tasks may be assisted by AI, but human judgment stays central.","JSA Generative AI Capacity Study, 2025"
5111,"Contract, Program and Project Administrators",0.53,0.73,Medium,High,JSA rates this role with 73% AI augmentation exposure — tasks are highly likely to be reshaped by AI tools. Consider building skills that complement AI.,"JSA Generative AI Capacity Study, 2025"
5121,Office Managers,0.46,0.7,Low,High,JSA rates this role with 70% AI augmentation exposure — tasks are highly likely to be reshaped by AI tools. Consider building skills that complement AI.,"JSA Generative AI Capacity Study, 2025"
5122,Practice Managers,0.42,0.7,Low,High,JSA rates this role with 70% AI augmentation exposure — tasks are highly likely to be reshaped by AI tools. Consider building skills that complement AI.,"JSA Generative AI Capacity Study, 2025"
5211,Personal Assistants,0.63,0.69,Medium,Medium,"JSA rates this role with 69% AI augmentation exposure. Some tasks may be assisted by AI, but human judgment stays central.","JSA Generative AI Capacity Study, 2025"
5212,Secretaries,0.67,0.69,Medium,Medium,"JSA rates this role with 69% AI augmentation exposure. Some tasks may be assisted by AI, but human judgment stays central.","JSA Generative AI Capacity Study, 2025"
5311,General Clerks,0.71,0.68,High,Medium,"JSA rates this role with 68% AI augmentation exposure. Some tasks may be assisted by AI, but human judgment stays central.","JSA Generative AI Capacity Study, 2025"
5321,Keyboard Operators,0.81,0.76,High,High,JSA rates this role with 76% AI augmentation exposure — tasks are highly likely to be reshaped by AI tools. Consider building skills that complement AI.,"JSA Generative AI Capacity Study, 2025"
5411,Call or Contact Centre Workers,0.75,0.73,High,High,JSA rates this role with 73% AI augmentation exposure — tasks are highly likely to be reshaped by AI tools. Consider building skills that complement AI.,"JSA Generative AI Capacity Study, 2025"
5412,Information Officers,0.66,0.7,Medium,High,JSA rates this role with 70% AI augmentation exposure — tasks are highly likely to be reshaped by AI tools. Consider building skills that complement AI.,"JSA Generative AI Capacity Study, 2025"
5421,Receptionists,0.66,0.67,Medium,Medium,"JSA rates this role with 67% AI augmentation exposure. Some tasks may be assisted by AI, but human judgment stays central.","JSA Generative AI Capacity Study, 2025"
5511,Accounting Clerks,0.71,0.74,High,High,JSA rates this role with 74% AI augmentation exposure — tasks are highly likely to be reshaped by AI tools. Consider building skills that complement AI.,"JSA Generative AI Capacity Study, 2025"
5512,Bookkeepers,0.69,0.77,Medium,High,JSA rates this role with 77% AI augmentation exposure — tasks are highly likely to be reshaped by AI tools. Consider building skills that complement AI.,"JSA Generative AI Capacity Study, 2025"
5513,Payroll Clerks,0.68,0.7,Medium,High,JSA rates this role with 70% AI augmentation exposure — tasks are highly likely to be reshaped by AI tools. Consider building skills that complement AI.,"JSA Generative AI Capacity Study, 2025"
5521,Bank Workers,0.54,0.67,Medium,Medium,"JSA rates this role with 67% AI augmentation exposure. Some tasks may be assisted by AI, but human judgment stays central.","JSA Generative AI Capacity Study, 2025"
5522,Credit and Loans Officers,0.68,0.71,Medium,High,JSA rates this role with 71% AI augmentation exposure — tasks are highly likely to be reshaped by AI tools. Consider building skills that complement AI.,"JSA Generative AI Capacity Study, 2025"
5523,"Insurance, Money Market and Statistical Clerks",0.68,0.74,Medium,High,JSA rates this role with 74% AI augmentation exposure — tasks are highly likely to be reshaped by AI tools. Consider building skills that complement AI.,"JSA Generative AI Capacity Study, 2025"
5611,Betting Clerks,0.71,0.69,High,Medium,"JSA rates this role with 69% AI augmentation exposure. Some tasks may be assisted by AI, but human judgment stays central.","JSA Generative AI Capacity Study, 2025"
5612,Couriers and Postal Deliverers,0.4,0.59,Low,Medium,"JSA rates this role with 59% AI augmentation exposure. Some tasks may be assisted by AI, but human judgment stays central.","JSA Generative AI Capacity Study, 2025"
5613,Filing and Registry Clerks,0.76,0.74,High,High,JSA rates this role with 74% AI augmentation exposure — tasks are highly likely to be reshaped by AI tools. Consider building skills that complement AI.,"JSA Generative AI Capacity Study, 2025"
5614,Mail Sorters,0.36,0.6,Low,Medium,"JSA rates this role with 60% AI augmentation exposure. Some tasks may be assisted by AI, but human judgment stays central.","JSA Generative AI Capacity Study, 2025"
5615,Survey Interviewers,0.71,0.64,High,Medium,"JSA rates this role with 64% AI augmentation exposure. Some tasks may be assisted by AI, but human judgment stays central.","JSA Generative AI Capacity Study, 2025"
5616,Switchboard Operators,0.65,0.7,Medium,High,JSA rates this role with 70% AI augmentation exposure — tasks are highly likely to be reshaped by AI tools. Consider building skills that complement AI.,"JSA Generative AI Capacity Study, 2025"
5619,Other Clerical and Office Support Workers,0.4,0.57,Low,Medium,"JSA rates this role with 56% AI augmentation exposure. Some tasks may be assisted by AI, but human judgment stays central.","JSA Generative AI Capacity Study, 2025"
5911,Purchasing and Supply Logistics Clerks,0.58,0.71,Medium,High,JSA rates this role with 71% AI augmentation exposure — tasks are highly likely to be reshaped by AI tools. Consider building skills that complement AI.,"JSA Generative AI Capacity Study, 2025"
5912,Transport and Despatch Clerks,0.64,0.71,Medium,High,JSA rates this role with 71% AI augmentation exposure — tasks are highly likely to be reshaped by AI tools. Consider building skills that complement AI.,"JSA Generative AI Capacity Study, 2025"
5991,Conveyancers and Legal Executives,0.49,0.7,Low,High,JSA rates this role with 70% AI augmentation exposure — tasks are highly likely to be reshaped by AI tools. Consider building skills that complement AI.,"JSA Generative AI Capacity Study, 2025"
5992,Court and Legal Clerks,0.37,0.59,Low,Medium,"JSA rates this role with 59% AI augmentation exposure. Some tasks may be assisted by AI, but human judgment stays central.","JSA Generative AI Capacity Study, 2025"
5993,Debt Collectors,0.69,0.7,Medium,High,JSA rates this role with 70% AI augmentation exposure — tasks are highly likely to be reshaped by AI tools. Consider building skills that complement AI.,"JSA Generative AI Capacity Study, 2025"
5994,Human Resource Clerks,0.76,0.73,High,High,JSA rates this role with 73% AI augmentation exposure — tasks are highly likely to be reshaped by AI tools. Consider building skills that complement AI.,"JSA Generative AI Capacity Study, 2025"
5995,Inspectors and Regulatory Officers,0.39,0.68,Low,Medium,"JSA rates this role with 68% AI augmentation exposure. Some tasks may be assisted by AI, but human judgment stays central.","JSA Generative AI Capacity Study, 2025"
5996,"Insurance Investigators, Loss Adjusters and Risk Surveyors",0.44,0.73,Low,High,JSA rates this role with 73% AI augmentation exposure — tasks are highly likely to be reshaped by AI tools. Consider building skills that complement AI.,"JSA Generative AI Capacity Study, 2025"
5997,Library Assistants,0.48,0.63,Low,Medium,"JSA rates this role with 63% AI augmentation exposure. Some tasks may be assisted by AI, but human judgment stays central.","JSA Generative AI Capacity Study, 2025"
5999,Other Miscellaneous Clerical and Administrative Workers,0.68,0.75,Medium,High,JSA rates this role with 75% AI augmentation exposure — tasks are highly likely to be reshaped by AI tools. Consider building skills that complement AI.,"JSA Generative AI Capacity Study, 2025"
6111,"Auctioneers, and Stock and Station Agents",0.44,0.7,Low,High,JSA rates this role with 70% AI augmentation exposure — tasks are highly likely to be reshaped by AI tools. Consider building skills that complement AI.,"JSA Generative AI Capacity Study, 2025"
6112,Insurance Agents,0.62,0.73,Medium,High,JSA rates this role with 73% AI augmentation exposure — tasks are highly likely to be reshaped by AI tools. Consider building skills that complement AI.,"JSA Generative AI Capacity Study, 2025"
6113,Sales Representatives,0.63,0.72,Medium,High,JSA rates this role with 72% AI augmentation exposure — tasks are highly likely to be reshaped by AI tools. Consider building skills that complement AI.,"JSA Generative AI Capacity Study, 2025"
6121,Real Estate Sales Agents,0.47,0.7,Low,High,JSA rates this role with 70% AI augmentation exposure — tasks are highly likely to be reshaped by AI tools. Consider building skills that complement AI.,"JSA Generative AI Capacity Study, 2025"
6211,Sales Assistants (General),0.42,0.63,Low,Medium,"JSA rates this role with 63% AI augmentation exposure. Some tasks may be assisted by AI, but human judgment stays central.","JSA Generative AI Capacity Study, 2025"
6212,ICT Sales Assistants,0.45,0.6,Low,Medium,"JSA rates this role with 60% AI augmentation exposure. Some tasks may be assisted by AI, but human judgment stays central.","JSA Generative AI Capacity Study, 2025"
6213,Motor Vehicle and Vehicle Parts Salespersons,0.59,0.67,Medium,Medium,"JSA rates this role with 67% AI augmentation exposure. Some tasks may be assisted by AI, but human judgment stays central.","JSA Generative AI Capacity Study, 2025"
6214,Pharmacy Sales Assistants,0.49,0.63,Low,Medium,"JSA rates this role with 63% AI augmentation exposure. Some tasks may be assisted by AI, but human judgment stays central.","JSA Generative AI Capacity Study, 2025"
6215,Retail Supervisors,0.42,0.68,Low,Medium,"JSA rates this role with 68% AI augmentation exposure. Some tasks may be assisted by AI, but human judgment stays central.","JSA Generative AI Capacity Study, 2025"
6216,Service Station Attendants,0.26,0.48,Low,Low,JSA rates this role with 48% AI augmentation exposure. Limited AI impact expected — skills in this area are likely to remain in demand.,"JSA Generative AI Capacity Study, 2025"
6217,Street Vendors and Related Salespersons,0.42,0.61,Low,Medium,"JSA rates this role with 61% AI augmentation exposure. Some tasks may be assisted by AI, but human judgment stays central.","JSA Generative AI Capacity Study, 2025"
6219,Other Sales Assistants and Salespersons,0.45,0.65,Low,Medium,"JSA rates this role with 65% AI augmentation exposure. Some tasks may be assisted by AI, but human judgment stays central.","JSA Generative AI Capacity Study, 2025"
6311,Checkout Operators and Office Cashiers,0.5,0.64,Medium,Medium,"JSA rates this role with 64% AI augmentation exposure. Some tasks may be assisted by AI, but human judgment stays central.","JSA Generative AI Capacity Study, 2025"
6391,Models and Sales Demonstrators,0.36,0.62,Low,Medium,"JSA rates this role with 62% AI augmentation exposure. Some tasks may be assisted by AI, but human judgment stays central.","JSA Generative AI Capacity Study, 2025"
6392,Retail and Wool Buyers,0.4,0.67,Low,Medium,"JSA rates this role with 67% AI augmentation exposure. Some tasks may be assisted by AI, but human judgment stays central.","JSA Generative AI Capacity Study, 2025"
6393,Telemarketers,0.81,0.76,High,High,JSA rates this role with 76% AI augmentation exposure — tasks are highly likely to be reshaped by AI tools. Consider building skills that complement AI.,"JSA Generative AI Capacity Study, 2025"
6394,Ticket Salespersons,0.49,0.52,Low,Medium,"JSA rates this role with 52% AI augmentation exposure. Some tasks may be assisted by AI, but human judgment stays central.","JSA Generative AI Capacity Study, 2025"
6395,Visual Merchandisers,0.33,0.71,Low,High,JSA rates this role with 71% AI augmentation exposure — tasks are highly likely to be reshaped by AI tools. Consider building skills that complement AI.,"JSA Generative AI Capacity Study, 2025"
7111,"Clay, Concrete, Glass and Stone Processing Machine Operators",0.23,0.56,Very Low,Medium,"JSA rates this role with 56% AI augmentation exposure. Some tasks may be assisted by AI, but human judgment stays central.","JSA Generative AI Capacity Study, 2025"
7112,Industrial Spraypainters,0.18,0.44,Very Low,Low,JSA rates this role with 44% AI augmentation exposure. Limited AI impact expected — skills in this area are likely to remain in demand.,"JSA Generative AI Capacity Study, 2025"
7113,Paper and Wood Processing Machine Operators,0.22,0.5,Very Low,Medium,"JSA rates this role with 50% AI augmentation exposure. Some tasks may be assisted by AI, but human judgment stays central.","JSA Generative AI Capacity Study, 2025"
7114,Photographic Developers and Printers,0.39,0.64,Low,Medium,"JSA rates this role with 64% AI augmentation exposure. Some tasks may be assisted by AI, but human judgment stays central.","JSA Generative AI Capacity Study, 2025"
7115,Plastics and Rubber Production Machine Operators,0.26,0.58,Low,Medium,"JSA rates this role with 57% AI augmentation exposure. Some tasks may be assisted by AI, but human judgment stays central.","JSA Generative AI Capacity Study, 2025"
7116,Sewing Machinists,0.18,0.51,Very Low,Medium,"JSA rates this role with 51% AI augmentation exposure. Some tasks may be assisted by AI, but human judgment stays central.","JSA Generative AI Capacity Study, 2025"
7117,Textile and Footwear Production Machine Operators,0.24,0.56,Very Low,Medium,"JSA rates this role with 56% AI augmentation exposure. Some tasks may be assisted by AI, but human judgment stays central.","JSA Generative AI Capacity Study, 2025"
7119,Other Machine Operators,0.25,0.6,Low,Medium,"JSA rates this role with 60% AI augmentation exposure. Some tasks may be assisted by AI, but human judgment stays central.","JSA Generative AI Capacity Study, 2025"
7121,"Crane, Hoist and Lift Operators",0.16,0.49,Very Low,Low,JSA rates this role with 49% AI augmentation exposure. Limited AI impact expected — skills in this area are likely to remain in demand.,"JSA Generative AI Capacity Study, 2025"
7122,"Drillers, Miners and Shot Firers",0.24,0.5,Very Low,Medium,"JSA rates this role with 50% AI augmentation exposure. Some tasks may be assisted by AI, but human judgment stays central.","JSA Generative AI Capacity Study, 2025"
7123,Engineering Production Workers,0.31,0.63,Low,Medium,"JSA rates this role with 63% AI augmentation exposure. Some tasks may be assisted by AI, but human judgment stays central.","JSA Generative AI Capacity Study, 2025"
7129,Other Stationary Plant Operators,0.33,0.59,Low,Medium,"JSA rates this role with 59% AI augmentation exposure. Some tasks may be assisted by AI, but human judgment stays central.","JSA Generative AI Capacity Study, 2025"
7211,"Agricultural, Forestry and Horticultural Plant Operators",0.25,0.54,Low,Medium,"JSA rates this role with 54% AI augmentation exposure. Some tasks may be assisted by AI, but human judgment stays central.","JSA Generative AI Capacity Study, 2025"
7212,Earthmoving Plant Operators,0.23,0.51,Very Low,Medium,"JSA rates this role with 51% AI augmentation exposure. Some tasks may be assisted by AI, but human judgment stays central.","JSA Generative AI Capacity Study, 2025"
7213,Forklift Drivers,0.18,0.53,Very Low,Medium,"JSA rates this role with 53% AI augmentation exposure. Some tasks may be assisted by AI, but human judgment stays central.","JSA Generative AI Capacity Study, 2025"
7219,Other Mobile Plant Operators,0.2,0.53,Very Low,Medium,"JSA rates this role with 53% AI augmentation exposure. Some tasks may be assisted by AI, but human judgment stays central.","JSA Generative AI Capacity Study, 2025"
7311,Automobile Drivers,0.4,0.56,Low,Medium,"JSA rates this role with 56% AI augmentation exposure. Some tasks may be assisted by AI, but human judgment stays central.","JSA Generative AI Capacity Study, 2025"
7312,Bus and Coach Drivers,0.39,0.51,Low,Medium,"JSA rates this role with 51% AI augmentation exposure. Some tasks may be assisted by AI, but human judgment stays central.","JSA Generative AI Capacity Study, 2025"
7313,Train and Tram Drivers,0.38,0.53,Low,Medium,"JSA rates this role with 53% AI augmentation exposure. Some tasks may be assisted by AI, but human judgment stays central.","JSA Generative AI Capacity Study, 2025"
7321,Delivery Drivers,0.47,0.59,Low,Medium,"JSA rates this role with 59% AI augmentation exposure. Some tasks may be assisted by AI, but human judgment stays central.","JSA Generative AI Capacity Study, 2025"
7331,Truck Drivers,0.21,0.56,Very Low,Medium,"JSA rates this role with 56% AI augmentation exposure. Some tasks may be assisted by AI, but human judgment stays central.","JSA Generative AI Capacity Study, 2025"
7411,Storepersons,0.34,0.6,Low,Medium,"JSA rates this role with 60% AI augmentation exposure. Some tasks may be assisted by AI, but human judgment stays central.","JSA Generative AI Capacity Study, 2025"
8111,Car Detailers,0.11,0.4,Very Low,Low,JSA rates this role with 40% AI augmentation exposure. Limited AI impact expected — skills in this area are likely to remain in demand.,"JSA Generative AI Capacity Study, 2025"
8112,Commercial Cleaners,0.11,0.39,Very Low,Low,JSA rates this role with 39% AI augmentation exposure. Limited AI impact expected — skills in this area are likely to remain in demand.,"JSA Generative AI Capacity Study, 2025"
8113,Domestic Cleaners,0.1,0.42,Very Low,Low,JSA rates this role with 42% AI augmentation exposure. Limited AI impact expected — skills in this area are likely to remain in demand.,"JSA Generative AI Capacity Study, 2025"
8114,Housekeepers,0.17,0.49,Very Low,Low,JSA rates this role with 49% AI augmentation exposure. Limited AI impact expected — skills in this area are likely to remain in demand.,"JSA Generative AI Capacity Study, 2025"
8115,Laundry Workers,0.19,0.43,Very Low,Low,JSA rates this role with 43% AI augmentation exposure. Limited AI impact expected — skills in this area are likely to remain in demand.,"JSA Generative AI Capacity Study, 2025"
8116,Other Cleaners,0.15,0.44,Very Low,Low,JSA rates this role with 44% AI augmentation exposure. Limited AI impact expected — skills in this area are likely to remain in demand.,"JSA Generative AI Capacity Study, 2025"
8211,Building and Plumbing Labourers,0.14,0.35,Very Low,Low,JSA rates this role with 35% AI augmentation exposure. Limited AI impact expected — skills in this area are likely to remain in demand.,"JSA Generative AI Capacity Study, 2025"
8212,Concreters,0.1,0.39,Very Low,Low,JSA rates this role with 39% AI augmentation exposure. Limited AI impact expected — skills in this area are likely to remain in demand.,"JSA Generative AI Capacity Study, 2025"
8213,Fencers,0.13,0.41,Very Low,Low,JSA rates this role with 41% AI augmentation exposure. Limited AI impact expected — skills in this area are likely to remain in demand.,"JSA Generative AI Capacity Study, 2025"
8214,Insulation and Home Improvement Installers,0.17,0.47,Very Low,Low,JSA rates this role with 47% AI augmentation exposure. Limited AI impact expected — skills in this area are likely to remain in demand.,"JSA Generative AI Capacity Study, 2025"
8215,Paving and Surfacing Labourers,0.12,0.32,Very Low,Low,JSA rates this role with 32% AI augmentation exposure. Limited AI impact expected — skills in this area are likely to remain in demand.,"JSA Generative AI Capacity Study, 2025"
8216,Railway Track Workers,0.12,0.44,Very Low,Low,JSA rates this role with 44% AI augmentation exposure. Limited AI impact expected — skills in this area are likely to remain in demand.,"JSA Generative AI Capacity Study, 2025"
8217,Structural Steel Construction Workers,0.11,0.41,Very Low,Low,JSA rates this role with 41% AI augmentation exposure. Limited AI impact expected — skills in this area are likely to remain in demand.,"JSA Generative AI Capacity Study, 2025"
8219,Other Construction and Mining Labourers,0.18,0.4,Very Low,Low,JSA rates this role with 40% AI augmentation exposure. Limited AI impact expected — skills in this area are likely to remain in demand.,"JSA Generative AI Capacity Study, 2025"
8311,Food and Drink Factory Workers,0.21,0.54,Very Low,Medium,"JSA rates this role with 54% AI augmentation exposure. Some tasks may be assisted by AI, but human judgment stays central.","JSA Generative AI Capacity Study, 2025"
8312,"Meat Boners and Slicers, and Slaughterers",0.1,0.31,Very Low,Low,JSA rates this role with 31% AI augmentation exposure. Limited AI impact expected — skills in this area are likely to remain in demand.,"JSA Generative AI Capacity Study, 2025"
8313,"Meat, Poultry and Seafood Process Workers",0.13,0.35,Very Low,Low,JSA rates this role with 35% AI augmentation exposure. Limited AI impact expected — skills in this area are likely to remain in demand.,"JSA Generative AI Capacity Study, 2025"
8321,Packers,0.29,0.53,Low,Medium,"JSA rates this role with 53% AI augmentation exposure. Some tasks may be assisted by AI, but human judgment stays central.","JSA Generative AI Capacity Study, 2025"
8322,Product Assemblers,0.15,0.45,Very Low,Low,JSA rates this role with 45% AI augmentation exposure. Limited AI impact expected — skills in this area are likely to remain in demand.,"JSA Generative AI Capacity Study, 2025"
8391,Metal Engineering Process Workers,0.15,0.48,Very Low,Low,JSA rates this role with 48% AI augmentation exposure. Limited AI impact expected — skills in this area are likely to remain in demand.,"JSA Generative AI Capacity Study, 2025"
8392,Plastics and Rubber Factory Workers,0.18,0.45,Very Low,Low,JSA rates this role with 45% AI augmentation exposure. Limited AI impact expected — skills in this area are likely to remain in demand.,"JSA Generative AI Capacity Study, 2025"
8393,Product Quality Controllers,0.43,0.69,Low,Medium,"JSA rates this role with 69% AI augmentation exposure. Some tasks may be assisted by AI, but human judgment stays central.","JSA Generative AI Capacity Study, 2025"
8394,Timber and Wood Process Workers,0.18,0.42,Very Low,Low,JSA rates this role with 42% AI augmentation exposure. Limited AI impact expected — skills in this area are likely to remain in demand.,"JSA Generative AI Capacity Study, 2025"
8399,Other Factory Process Workers,0.27,0.47,Low,Low,JSA rates this role with 47% AI augmentation exposure. Limited AI impact expected — skills in this area are likely to remain in demand.,"JSA Generative AI Capacity Study, 2025"
8411,Aquaculture Workers,0.3,0.56,Low,Medium,"JSA rates this role with 56% AI augmentation exposure. Some tasks may be assisted by AI, but human judgment stays central.","JSA Generative AI Capacity Study, 2025"
8412,Crop Farm Workers,0.18,0.53,Very Low,Medium,"JSA rates this role with 53% AI augmentation exposure. Some tasks may be assisted by AI, but human judgment stays central.","JSA Generative AI Capacity Study, 2025"
8413,Forestry and Logging Workers,0.17,0.49,Very Low,Low,JSA rates this role with 49% AI augmentation exposure. Limited AI impact expected — skills in this area are likely to remain in demand.,"JSA Generative AI Capacity Study, 2025"
8414,Garden and Nursery Labourers,0.18,0.41,Very Low,Low,JSA rates this role with 41% AI augmentation exposure. Limited AI impact expected — skills in this area are likely to remain in demand.,"JSA Generative AI Capacity Study, 2025"
8415,Livestock Farm Workers,0.2,0.47,Very Low,Low,JSA rates this role with 47% AI augmentation exposure. Limited AI impact expected — skills in this area are likely to remain in demand.,"JSA Generative AI Capacity Study, 2025"
8416,Mixed Crop and Livestock Farm Workers,0.24,0.59,Very Low,Medium,"JSA rates this role with 59% AI augmentation exposure. Some tasks may be assisted by AI, but human judgment stays central.","JSA Generative AI Capacity Study, 2025"
8419,"Other Farm, Forestry and Garden Workers",0.25,0.45,Low,Low,JSA rates this role with 45% AI augmentation exposure. Limited AI impact expected — skills in this area are likely to remain in demand.,"JSA Generative AI Capacity Study, 2025"
8511,Fast Food Cooks,0.27,0.56,Low,Medium,"JSA rates this role with 56% AI augmentation exposure. Some tasks may be assisted by AI, but human judgment stays central.","JSA Generative AI Capacity Study, 2025"
8512,Food Trades Assistants,0.22,0.4,Very Low,Low,JSA rates this role with 40% AI augmentation exposure. Limited AI impact expected — skills in this area are likely to remain in demand.,"JSA Generative AI Capacity Study, 2025"
8513,Kitchenhands,0.22,0.53,Very Low,Medium,"JSA rates this role with 53% AI augmentation exposure. Some tasks may be assisted by AI, but human judgment stays central.","JSA Generative AI Capacity Study, 2025"
8911,Freight and Furniture Handlers,0.33,0.5,Low,Medium,"JSA rates this role with 50% AI augmentation exposure. Some tasks may be assisted by AI, but human judgment stays central.","JSA Generative AI Capacity Study, 2025"
8912,Shelf Fillers,0.22,0.47,Very Low,Low,JSA rates this role with 47% AI augmentation exposure. Limited AI impact expected — skills in this area are likely to remain in demand.,"JSA Generative AI Capacity Study, 2025"
8991,Caretakers,0.43,0.6,Low,Medium,"JSA rates this role with 60% AI augmentation exposure. Some tasks may be assisted by AI, but human judgment stays central.","JSA Generative AI Capacity Study, 2025"
8992,Deck and Fishing Hands,0.16,0.37,Very Low,Low,JSA rates this role with 37% AI augmentation exposure. Limited AI impact expected — skills in this area are likely to remain in demand.,"JSA Generative AI Capacity Study, 2025"
8993,Handypersons,0.1,0.43,Very Low,Low,JSA rates this role with 43% AI augmentation exposure. Limited AI impact expected — skills in this area are likely to remain in demand.,"JSA Generative AI Capacity Study, 2025"
8994,Motor Vehicle Parts and Accessories Fitters,0.14,0.51,Very Low,Medium,"JSA rates this role with 51% AI augmentation exposure. Some tasks may be assisted by AI, but human judgment stays central.","JSA Generative AI Capacity Study, 2025"
8995,Printing Assistants and Table Workers,0.29,0.5,Low,Medium,"JSA rates this role with 50% AI augmentation exposure. Some tasks may be assisted by AI, but human judgment stays central.","JSA Generative AI Capacity Study, 2025"
8996,Recycling and Rubbish Collectors,0.17,0.32,Very Low,Low,JSA rates this role with 32% AI augmentation exposure. Limited AI impact expected — skills in this area are likely to remain in demand.,"JSA Generative AI Capacity Study, 2025"
8997,Vending Machine Attendants,0.35,0.52,Low,Medium,"JSA rates this role with 52% AI augmentation exposure. Some tasks may be assisted by AI, but human judgment stays central.","JSA Generative AI Capacity Study, 2025"
8999,Other Miscellaneous Labourers,0.2,0.41,Very Low,Low,JSA rates this role with 41% AI augmentation exposure. Limited AI impact expected — skills in this area are likely to remain in demand.,"JSA Generative AI Capacity Study, 2025"
